N,P,K,temperature,humidity,ph,rainfall,label
97.78,31.06,52.9,19.13,59.0,6.6,215.69,coffee
141.99,32.41,199.49,23.68,79.79,6.23,139.95,banana
116.3,37.17,73.66,36.28,71.96,5.99,174.42,sugarcane
31.49,25.28,59.56,29.58,50.83,7.08,120.09,mango
83.63,35.78,49.51,24.26,82.34,6.14,238.03,coffee
120.6,39.61,43.88,34.26,71.67,6.08,215.22,rice
110.44,52.84,92.77,24.76,74.19,6.31,95.47,potato
43.78,23.51,60.04,29.74,43.07,6.37,82.86,mango
99.25,65.79,101.25,22.55,78.5,4.82,37.64,potato
29.48,44.14,28.04,28.4,45.11,8.08,49.78,chickpea
35.09,23.58,39.84,32.65,44.69,6.55,96.14,mango
82.46,57.1,59.24,22.71,90.89,6.16,245.17,rice
42.31,52.15,28.16,22.61,51.59,6.83,45.12,chickpea
83.58,50.38,76.01,21.71,68.27,6.58,74.23,tomato
139.53,46.2,200.31,30.02,86.15,6.84,177.33,banana
34.85,34.32,40.97,32.56,37.29,6.91,79.66,mango
106.22,40.17,59.16,32.46,88.32,6.3,321.85,rice
95.9,35.59,143.51,26.6,86.94,5.47,200.58,banana
96.45,43.9,66.03,25.92,58.56,6.73,41.47,tomato
104.46,61.64,82.86,22.89,72.68,6.11,43.75,tomato
34.3,42.64,24.89,22.0,56.57,6.9,35.11,chickpea
77.95,23.19,49.07,27.55,62.38,6.26,263.74,coffee
17.15,40.0,42.3,28.64,38.18,6.37,44.61,chickpea
80.16,33.79,58.53,27.06,58.28,6.35,137.67,coffee
124.74,53.13,84.47,20.91,71.46,5.22,76.07,potato
93.83,38.01,52.61,17.58,61.11,7.16,84.04,maize
81.01,49.84,74.33,22.35,82.52,6.71,83.47,potato
47.14,41.72,45.65,28.63,60.11,6.06,100.87,mango
97.35,68.09,93.84,25.17,66.48,5.75,63.34,potato
101.08,29.77,51.4,22.0,75.4,5.98,141.32,coffee
32.53,31.53,46.76,29.09,45.03,7.68,92.09,mango
35.24,43.52,31.41,18.43,47.11,7.41,69.01,chickpea
82.27,37.22,58.78,19.95,73.02,6.46,164.55,coffee
22.36,47.54,33.53,22.79,53.7,7.87,43.37,chickpea
21.99,53.64,19.09,22.93,33.8,7.48,62.43,chickpea
79.1,18.43,58.5,17.98,62.64,6.36,160.37,coffee
72.6,39.44,30.83,13.08,45.02,6.02,78.27,wheat
103.27,60.9,44.8,17.99,61.46,6.1,113.55,maize
120.03,54.48,53.71,19.35,49.77,7.71,97.71,maize
100.53,73.29,88.23,36.01,72.17,5.84,159.67,sugarcane
106.89,41.15,54.51,20.83,54.09,5.62,76.93,maize
96.55,68.99,82.07,20.29,73.08,6.43,72.1,potato
128.64,32.3,50.74,32.61,61.15,7.24,111.28,cotton
123.24,53.95,54.24,24.64,70.53,6.53,78.69,maize
104.59,54.84,37.32,26.61,88.46,5.85,216.92,rice
28.85,53.85,32.03,18.42,35.37,8.27,34.16,chickpea
102.1,30.75,39.4,19.64,80.56,6.91,247.19,coffee
59.46,34.47,49.22,27.02,68.9,6.31,173.85,coffee
74.1,34.54,27.15,34.57,79.3,7.18,259.63,jute
27.31,56.2,28.45,14.6,42.68,7.02,45.58,chickpea
41.68,51.89,26.7,13.57,61.18,6.55,56.82,chickpea
27.62,19.48,46.14,34.4,59.61,6.0,133.84,mango
100.93,45.75,41.08,16.11,53.45,7.58,113.19,maize
152.86,47.75,157.7,24.37,76.92,6.07,211.25,banana
144.23,39.14,163.57,31.21,75.93,6.49,185.33,banana
58.05,51.84,35.17,22.38,90.44,6.9,230.3,jute
93.87,45.95,32.33,29.16,69.52,7.17,238.13,jute
78.51,53.54,76.27,29.01,65.34,5.88,35.21,tomato
87.11,63.72,100.57,24.84,80.52,5.55,94.05,potato
84.79,53.84,85.76,16.72,51.54,6.05,39.09,tomato
32.37,24.24,40.59,32.87,48.58,7.65,128.52,mango
155.34,69.19,80.71,22.71,78.77,6.62,189.44,sugarcane
30.71,39.36,51.99,23.94,55.29,6.32,83.65,mango
98.89,73.6,54.77,29.39,82.01,6.42,162.81,sugarcane
41.64,38.91,53.7,28.53,42.88,6.45,79.64,mango
121.29,42.99,32.15,35.2,42.91,8.0,102.09,cotton
124.05,71.67,90.29,23.75,77.6,6.29,90.76,potato
106.4,47.92,46.98,32.85,50.88,7.79,80.57,maize
136.0,33.14,149.95,22.21,75.13,7.21,125.44,banana
37.53,51.28,20.34,13.63,34.25,6.38,25.4,chickpea
77.66,50.39,95.3,19.42,65.46,6.62,78.18,tomato
92.94,33.78,198.07,22.34,70.4,6.72,157.83,banana
57.74,37.11,48.18,24.83,85.23,6.67,144.19,jute
48.88,25.7,54.03,24.43,62.85,7.21,104.43,mango
60.67,47.3,51.4,21.95,48.47,7.48,76.78,wheat
60.25,28.85,52.74,9.19,40.45,7.39,80.22,wheat
93.04,29.29,43.2,28.44,70.31,7.01,222.5,jute
116.98,51.59,47.02,23.03,80.57,5.89,237.5,rice
110.42,30.78,52.92,19.45,58.8,7.24,96.82,cotton
58.62,52.08,72.11,19.66,52.7,6.87,40.18,tomato
55.83,31.21,43.62,23.02,42.48,7.56,97.81,wheat
101.35,40.48,29.51,30.41,37.95,8.19,66.0,cotton
100.26,39.05,190.9,24.35,70.79,6.52,144.15,banana
107.03,52.07,34.96,19.33,45.44,5.68,85.44,cotton
76.04,62.66,59.08,32.81,53.62,5.57,102.74,maize
148.6,35.52,56.91,24.86,78.57,6.44,93.62,sugarcane
34.14,50.92,40.68,14.79,31.34,6.7,54.59,chickpea
122.2,38.94,39.86,28.49,63.85,5.38,116.08,maize
86.55,45.38,41.04,34.8,74.36,6.37,281.94,rice
87.86,40.63,49.42,25.88,73.05,5.99,198.95,rice
115.2,71.49,78.73,15.44,82.33,5.16,37.63,potato
119.66,36.24,34.15,36.74,45.34,7.48,70.94,cotton
74.61,51.57,28.32,22.37,43.7,7.46,90.99,wheat
55.84,36.08,44.9,31.88,74.23,6.2,223.81,jute
84.45,40.89,71.43,28.01,59.39,6.65,59.21,tomato
55.33,35.79,61.15,24.85,79.4,6.74,246.97,coffee
129.94,32.92,46.29,23.23,73.74,5.87,67.88,cotton
82.9,64.6,75.29,15.52,80.47,6.72,64.19,potato
83.38,63.18,108.29,19.62,66.98,5.9,74.32,potato
69.9,41.47,49.65,19.89,61.43,5.9,182.45,coffee
114.75,65.37,113.1,16.51,67.23,5.01,48.03,potato
93.07,55.88,59.75,29.49,71.49,6.81,66.36,tomato
128.82,42.75,61.65,30.96,69.11,6.34,89.08,sugarcane
92.05,65.9,109.68,17.28,82.56,6.04,71.88,potato
156.98,31.89,193.06,31.2,77.43,6.48,161.21,banana
120.72,48.91,152.96,28.23,77.4,7.2,198.78,banana
97.3,67.85,95.66,13.95,64.36,5.23,84.08,potato
97.91,39.23,95.62,27.34,64.1,6.45,179.8,sugarcane
54.93,17.31,42.79,27.74,50.18,6.09,127.03,mango
73.92,59.87,59.54,22.79,68.96,6.46,44.94,tomato
125.95,48.46,38.71,21.9,46.74,6.78,106.88,cotton
34.66,40.39,41.97,24.55,37.32,5.67,82.25,mango
55.87,47.53,47.57,31.84,91.16,7.34,163.46,jute
27.83,29.23,50.11,33.37,53.65,7.47,140.09,mango
100.95,43.69,90.19,22.76,85.24,7.06,193.2,sugarcane
85.54,39.96,54.14,30.11,66.78,6.02,67.01,maize
51.61,28.48,53.59,29.14,57.19,5.21,84.78,mango
45.5,25.51,39.7,25.25,47.42,6.63,155.27,mango
35.16,52.83,28.44,24.03,60.71,7.78,62.25,chickpea
108.2,39.18,42.48,35.63,50.15,7.97,63.12,cotton
131.65,27.64,45.3,36.92,44.96,6.02,105.38,cotton
89.7,42.03,90.85,20.55,72.97,6.64,64.7,tomato
35.24,38.58,31.04,22.3,55.01,8.25,60.96,chickpea
36.89,25.76,48.81,32.4,48.13,7.46,130.03,mango
117.21,29.94,198.84,29.62,68.07,5.5,117.55,banana
90.52,39.16,41.12,23.49,69.87,5.35,67.59,maize
146.21,63.41,60.67,21.56,76.96,6.34,100.53,sugarcane
90.07,52.43,33.33,27.11,88.36,5.9,217.32,jute
119.01,40.94,71.52,22.3,66.91,6.19,99.6,sugarcane
77.11,58.7,41.05,28.18,90.81,6.38,204.96,rice
94.19,26.16,57.77,29.0,76.29,6.62,191.19,coffee
41.47,40.69,23.75,24.73,53.2,6.12,61.79,chickpea
84.06,51.87,35.87,33.06,78.63,7.06,182.54,jute
88.18,45.73,43.68,23.16,53.24,6.82,81.9,wheat
32.19,38.93,41.92,18.21,39.5,7.32,67.76,chickpea
104.28,41.54,55.39,16.57,57.39,6.8,76.63,tomato
87.02,17.25,38.47,17.37,78.31,6.13,177.75,coffee
105.73,39.64,39.43,15.97,38.74,6.93,57.32,wheat
115.32,44.95,174.51,30.39,77.14,6.32,112.52,banana
154.51,73.28,104.31,18.47,68.68,7.26,182.88,sugarcane
31.17,38.54,35.16,25.16,45.49,7.96,55.35,chickpea
131.39,43.38,188.85,27.69,89.76,6.95,162.49,banana
110.5,63.8,91.8,17.82,63.41,6.65,88.41,potato
67.88,50.18,55.2,18.19,60.47,6.2,84.21,tomato
35.92,40.3,41.38,22.89,38.5,6.73,57.76,chickpea
63.64,34.72,33.43,30.32,75.01,7.2,208.83,jute
95.84,61.87,84.18,23.1,58.06,6.61,81.88,tomato
56.01,42.9,49.35,22.39,71.16,6.79,207.93,jute
87.1,39.47,57.48,28.66,75.74,6.29,254.66,coffee
84.13,53.85,49.57,23.9,49.92,6.55,58.79,maize
101.8,60.3,72.72,19.85,67.51,6.63,60.28,tomato
59.83,27.8,59.46,28.05,69.96,6.46,234.31,coffee
23.11,37.27,25.83,17.38,47.8,5.86,37.06,chickpea
68.53,49.24,37.14,18.1,62.39,6.14,62.09,wheat
59.45,23.06,56.15,23.84,37.7,5.27,80.35,mango
111.84,48.88,40.49,25.21,68.24,7.57,71.86,cotton
124.76,29.63,40.97,27.42,48.26,5.48,116.27,cotton
149.54,65.65,56.12,36.13,57.77,6.92,159.8,sugarcane
95.06,58.03,62.33,19.32,83.94,6.97,251.18,rice
92.89,52.81,101.61,18.08,69.49,6.26,50.31,potato
133.11,42.34,160.06,28.1,87.55,5.96,136.5,banana
107.43,53.15,72.34,20.05,86.94,6.63,174.74,sugarcane
114.64,48.43,41.32,30.16,37.8,5.78,88.31,cotton
81.48,37.36,42.97,20.32,84.62,5.51,226.23,rice
108.11,36.3,39.45,27.89,68.89,7.63,53.73,cotton
79.78,22.72,47.48,17.32,79.32,5.9,223.86,coffee
97.18,48.31,79.87,18.79,62.98,6.19,60.4,tomato
96.35,33.12,34.18,26.56,43.88,6.61,70.61,wheat
89.23,60.12,56.81,28.61,54.24,7.04,124.96,maize
103.26,37.69,56.33,34.37,79.91,6.18,128.57,rice
93.58,46.89,48.21,30.73,55.34,7.17,124.28,maize
69.7,29.6,48.51,29.26,84.48,7.45,137.3,jute
32.2,33.16,62.73,35.18,61.05,5.75,116.63,mango
102.71,31.89,29.79,17.45,50.51,6.77,70.88,wheat
111.37,38.23,38.61,16.36,62.59,5.39,123.8,maize
103.44,31.88,39.46,34.24,65.06,6.54,66.07,cotton
66.33,48.57,41.19,22.58,49.29,6.75,82.78,wheat
123.51,31.82,44.65,20.2,73.56,7.35,64.31,cotton
80.6,32.14,60.16,17.72,65.8,6.57,262.39,coffee
150.72,41.58,103.52,29.7,77.96,7.56,134.5,sugarcane
43.23,28.17,56.09,24.74,53.42,6.0,100.99,mango
104.45,50.55,52.24,18.48,39.03,7.43,82.4,wheat
108.37,48.22,56.44,24.23,57.78,6.57,75.78,maize
100.55,21.97,44.13,21.24,79.88,6.84,239.3,coffee
49.57,30.84,61.75,36.58,58.77,7.29,99.44,mango
145.85,58.97,92.97,21.22,71.82,6.28,85.45,sugarcane
120.37,55.34,75.05,20.72,68.4,6.24,66.6,potato
63.75,17.59,53.34,24.81,55.7,5.38,71.66,mango
90.49,37.94,47.88,27.0,72.87,6.39,237.83,rice
70.04,52.77,28.22,30.67,79.0,5.92,162.83,jute
82.43,72.42,91.05,17.55,74.87,4.87,86.18,potato
95.3,41.73,56.02,24.06,47.42,7.71,114.63,maize
75.9,43.8,58.52,26.6,57.8,6.41,58.41,tomato
131.35,37.63,54.27,18.88,60.41,6.28,202.9,sugarcane
71.85,27.73,46.33,25.82,83.76,6.87,191.01,jute
125.87,55.22,52.48,25.4,90.8,6.24,153.7,rice
63.09,32.71,39.06,26.13,56.09,6.19,98.37,wheat
101.6,33.04,51.71,23.78,84.29,7.66,220.04,jute
67.81,35.67,44.16,35.03,69.99,6.18,258.24,jute
54.15,33.7,50.0,36.47,61.94,7.41,139.34,mango
97.36,54.29,116.16,13.87,61.53,6.39,68.29,potato
42.31,59.66,22.58,17.13,38.95,6.72,49.91,chickpea
156.92,45.68,88.57,34.31,61.47,7.43,86.59,sugarcane
105.86,68.14,95.02,23.71,77.76,4.78,64.21,potato
59.72,17.7,39.68,20.64,76.52,5.95,223.23,coffee
18.4,37.03,30.74,14.29,63.59,5.71,57.43,chickpea
86.68,69.54,86.85,18.51,66.57,6.53,62.09,potato
99.84,49.46,37.69,33.05,55.3,5.87,128.95,maize
101.74,54.51,48.86,18.72,53.35,7.42,53.69,maize
72.0,39.16,31.41,23.28,43.78,6.07,58.51,wheat
59.15,24.4,62.0,35.67,48.29,5.79,145.15,mango
84.16,61.94,56.78,27.57,64.58,6.06,101.42,maize
22.62,56.2,39.24,28.23,40.71,6.53,70.24,chickpea
99.19,52.73,80.41,18.1,65.28,6.02,35.38,tomato
104.56,50.48,50.97,14.23,41.4,6.19,48.35,wheat
59.78,32.97,30.04,27.75,79.64,6.66,242.8,jute
50.69,19.19,58.06,30.71,53.99,5.67,106.41,mango
76.14,39.98,40.55,21.24,59.46,6.46,259.45,coffee
80.31,52.2,64.92,19.11,67.33,6.58,67.65,tomato
127.19,35.97,37.3,19.63,71.3,6.45,73.83,cotton
105.79,54.98,81.12,20.91,79.73,5.95,175.1,sugarcane
77.35,43.6,42.98,33.83,65.36,6.81,51.39,maize
56.82,43.59,45.75,32.42,70.9,7.54,176.9,jute
101.3,50.84,121.8,15.0,73.36,4.98,42.0,potato
29.29,49.72,23.24,18.36,41.82,7.27,68.24,chickpea
29.45,28.01,48.88,26.36,44.24,7.06,123.99,mango
136.87,37.94,37.78,24.85,73.3,5.69,62.34,cotton
17.96,41.1,41.78,22.77,44.57,6.7,56.98,chickpea
143.62,41.29,63.33,32.42,61.11,6.69,180.11,sugarcane
96.01,53.02,76.28,26.93,58.83,6.12,58.57,tomato
77.98,53.36,119.89,14.09,76.15,5.34,61.92,potato
51.51,32.75,58.06,28.78,44.24,7.37,131.12,mango
114.54,60.0,59.2,19.15,57.09,7.56,125.48,sugarcane
64.3,28.18,62.74,24.16,47.2,7.55,149.23,mango
108.47,37.51,45.49,21.61,87.23,6.95,175.6,rice
65.75,38.38,51.59,15.13,57.04,6.83,54.38,wheat
102.95,25.5,56.21,20.79,81.79,5.92,180.93,coffee
75.47,51.53,44.35,26.76,58.3,7.6,73.45,maize
73.37,43.93,39.75,34.42,90.53,6.71,262.62,jute
112.75,44.22,94.83,36.47,72.26,5.86,118.87,sugarcane
100.38,48.03,37.26,32.56,58.83,7.68,73.37,maize
81.53,64.74,80.24,14.51,75.54,4.9,47.09,potato
71.98,52.04,30.13,29.41,81.42,6.82,233.53,jute
145.72,53.26,60.18,28.85,61.33,5.89,149.83,sugarcane
33.95,47.38,17.18,29.2,59.37,6.46,70.15,chickpea
59.67,28.34,52.9,17.56,59.9,6.91,178.19,coffee
155.36,40.15,86.86,31.73,71.76,6.34,156.5,sugarcane
64.56,32.43,34.93,35.09,77.58,6.36,231.35,jute
70.38,25.15,56.37,18.21,77.06,6.56,249.98,coffee
83.59,62.31,58.12,31.57,59.56,7.38,74.93,maize
87.43,52.27,33.43,12.62,40.63,7.45,57.22,wheat
122.66,57.75,51.76,18.4,61.67,5.36,84.61,maize
98.93,45.81,40.51,14.93,38.31,6.05,55.05,wheat
104.96,65.84,82.73,22.22,81.69,6.22,83.51,potato
84.57,40.01,49.32,18.81,62.58,6.76,136.13,coffee
63.99,53.35,76.39,18.77,68.62,6.22,82.59,tomato
83.5,47.19,90.34,25.05,65.89,5.76,80.99,potato
100.93,48.56,43.41,19.84,53.62,7.12,43.57,wheat
117.66,43.07,38.97,21.28,51.0,6.46,64.7,cotton
104.87,57.35,57.67,36.2,73.59,6.43,146.03,rice
100.43,47.5,49.33,20.07,70.49,5.82,186.92,rice
100.96,34.72,29.25,26.69,42.03,6.25,104.08,cotton
78.94,55.87,39.2,36.0,70.57,7.14,283.67,rice
40.28,41.18,21.47,28.28,44.4,6.67,49.94,chickpea
97.83,34.75,37.1,23.85,63.03,5.9,215.52,coffee
57.44,40.23,52.41,32.05,71.13,6.78,252.22,jute
123.57,34.66,39.73,30.07,52.14,7.7,90.5,cotton
79.19,42.31,56.33,18.2,92.46,6.01,267.77,rice
90.54,46.0,52.21,26.76,55.18,6.06,105.14,maize
133.2,40.2,57.05,20.8,83.01,7.23,208.34,sugarcane
73.42,51.55,40.13,12.33,39.75,6.43,95.52,wheat
64.4,41.11,27.39,29.63,77.23,7.49,228.84,jute
148.95,64.16,104.65,35.08,64.52,7.06,87.67,sugarcane
27.71,27.63,57.08,25.17,51.09,5.3,151.27,mango
124.79,36.86,31.86,21.41,44.74,5.22,72.53,cotton
96.57,39.87,39.96,20.3,82.38,6.45,157.94,coffee
115.37,52.33,57.12,23.05,47.85,5.5,54.02,maize
122.41,48.98,90.32,36.88,70.05,6.54,140.65,sugarcane
140.77,47.62,198.68,23.87,78.72,5.71,108.16,banana
118.37,62.49,77.51,19.18,59.35,5.57,58.73,potato
124.72,48.99,53.71,32.62,53.47,7.51,58.61,maize
84.02,35.49,54.61,19.65,58.02,6.75,248.4,coffee
104.51,34.07,52.3,16.72,62.18,5.91,178.33,coffee
92.73,48.33,46.48,13.36,40.06,6.24,75.19,wheat
110.5,53.85,53.96,23.92,87.47,6.35,211.63,rice
105.77,27.41,41.5,22.39,58.5,6.84,82.79,wheat
90.34,40.67,43.94,31.55,62.66,6.18,112.61,maize
117.78,38.44,44.3,24.27,71.5,5.89,272.33,rice
30.06,54.21,17.63,21.53,54.06,6.19,44.94,chickpea
99.11,24.13,44.17,28.18,78.6,5.99,210.42,coffee
116.63,57.78,62.01,20.43,65.45,7.17,124.03,maize
75.04,47.88,55.65,32.55,65.54,6.41,127.01,maize
29.91,42.33,55.59,29.56,39.51,5.25,116.84,mango
119.12,56.72,62.8,29.63,69.16,7.36,107.96,maize
114.76,74.48,69.74,18.26,72.92,5.94,120.63,sugarcane
82.72,37.2,45.74,33.3,88.82,5.54,278.5,rice
145.91,39.44,47.98,34.6,43.75,5.26,78.81,cotton
133.13,39.64,189.87,25.13,70.4,6.96,212.65,banana
146.39,40.37,173.39,23.97,80.41,5.79,214.66,banana
84.95,52.77,33.7,11.45,40.22,6.86,81.27,wheat
30.27,59.06,19.27,13.77,50.34,6.09,48.64,chickpea
100.43,62.9,95.28,25.28,57.02,7.37,111.79,sugarcane
52.75,36.03,56.54,25.08,46.08,6.22,136.68,mango
99.79,30.44,29.02,34.82,72.32,5.28,101.9,cotton
115.56,49.8,52.59,35.91,70.11,5.5,144.6,rice
101.52,33.86,57.88,20.05,68.6,6.83,141.62,coffee
156.06,28.9,152.22,31.3,70.77,6.02,141.59,banana
97.8,66.65,100.03,25.82,64.16,5.86,161.84,sugarcane
148.78,51.42,170.19,23.0,77.93,6.16,172.54,banana
86.6,37.09,35.98,18.16,57.07,6.51,80.69,wheat
56.69,29.16,38.9,22.92,87.27,7.46,136.74,jute
34.12,33.35,54.04,33.28,63.0,5.3,83.47,mango
55.16,42.64,46.86,13.3,57.48,7.01,102.9,wheat
59.41,41.21,70.25,21.74,59.4,6.14,37.44,tomato
64.37,38.59,39.48,28.23,57.7,6.42,142.58,coffee
115.24,53.11,44.83,21.55,72.14,6.34,85.88,maize
55.64,21.9,55.62,31.29,53.96,5.66,128.99,mango
91.11,49.88,46.26,26.1,59.5,6.96,103.02,maize
100.96,42.96,94.89,23.95,55.03,5.92,76.59,tomato
76.54,56.77,56.19,20.57,64.8,6.22,38.08,tomato
62.85,36.32,30.8,35.88,85.65,7.33,232.25,jute
99.56,35.89,91.19,22.75,72.81,5.99,213.09,sugarcane
89.21,60.52,87.44,19.34,60.8,5.88,48.44,potato
65.12,50.4,35.91,8.51,49.86,6.02,58.0,wheat
96.73,32.65,38.51,25.3,64.36,5.95,213.86,coffee
67.66,52.64,32.43,11.61,51.91,6.75,80.23,wheat
119.09,51.03,41.17,26.46,74.09,5.34,113.09,cotton
119.73,49.29,62.26,25.96,54.04,6.47,53.91,maize
109.6,50.44,149.57,33.21,71.29,5.79,117.56,banana
35.21,20.79,40.8,26.01,50.96,7.17,146.9,mango
96.67,33.26,36.38,11.19,49.15,6.54,58.16,wheat
117.85,31.95,194.67,25.43,90.07,5.97,214.16,banana
96.29,60.02,84.41,19.0,79.09,6.34,43.1,potato
93.88,38.01,40.19,25.09,82.48,6.5,180.17,jute
105.58,30.3,44.83,28.43,70.86,7.72,256.32,jute
83.96,37.65,61.11,26.49,75.0,6.44,128.93,rice
150.54,32.76,182.79,32.82,80.77,7.18,145.31,banana
135.3,50.64,195.46,25.89,78.48,7.0,109.47,banana
120.27,48.84,190.47,30.76,87.99,6.0,170.78,banana
81.19,60.89,37.24,21.42,67.81,5.49,248.43,rice
155.12,70.91,83.74,25.09,75.12,7.37,196.96,sugarcane
129.51,30.34,32.45,27.11,57.85,8.37,54.19,cotton
55.14,40.39,35.97,15.96,39.61,7.3,103.76,wheat
92.02,36.58,47.17,25.48,63.21,6.38,210.8,coffee
115.22,59.73,81.79,17.84,61.3,5.0,50.46,potato
119.94,30.73,167.64,31.82,75.61,5.4,229.69,banana
105.62,49.18,75.32,31.32,83.73,7.18,107.62,sugarcane
106.32,48.9,37.53,20.44,50.08,5.76,72.42,maize
42.52,40.11,36.68,18.7,30.06,6.8,49.72,chickpea
142.72,41.04,177.34,29.85,85.14,6.58,154.68,banana
80.87,50.92,48.23,27.88,90.04,6.51,170.26,jute
138.55,34.52,45.2,19.03,49.36,7.13,60.93,cotton
87.16,28.32,52.52,16.9,60.32,6.7,46.42,wheat
97.79,28.9,38.73,23.36,73.05,8.09,78.81,cotton
76.19,31.59,32.08,33.58,91.33,6.51,145.25,jute
97.67,44.77,27.04,31.2,45.26,7.55,102.53,cotton
138.86,44.37,46.82,29.52,74.16,5.91,69.55,cotton
104.23,49.0,48.25,32.73,83.8,7.5,214.74,jute
20.03,51.93,21.87,19.28,35.92,7.86,31.32,chickpea
151.26,52.15,179.41,33.5,86.95,6.3,190.14,banana
50.61,23.17,38.22,28.83,57.47,6.05,140.23,mango
91.15,40.76,39.69,29.21,71.44,7.08,240.81,rice
103.15,32.01,30.79,29.28,52.8,5.94,80.41,cotton
121.7,56.23,118.59,16.41,75.39,4.95,96.59,potato
66.68,29.29,60.66,17.84,81.13,6.39,251.1,coffee
126.21,66.58,97.59,32.08,68.97,7.46,181.47,sugarcane
139.78,52.33,38.52,25.17,64.88,6.89,69.22,cotton
127.47,43.35,154.49,27.53,77.02,7.09,226.41,banana
94.17,53.66,37.28,21.83,80.65,5.59,159.85,rice
74.04,52.56,46.2,18.15,51.84,6.06,56.48,maize
99.76,67.11,75.88,18.65,59.6,5.56,96.45,potato
104.35,33.79,53.47,23.68,72.8,6.52,140.51,coffee
80.2,37.28,100.68,23.57,68.45,6.56,75.43,tomato
100.09,71.53,63.04,24.94,71.07,6.02,87.68,sugarcane
98.16,46.57,42.7,21.81,86.54,5.51,144.27,rice
96.28,47.58,195.02,20.8,91.64,6.14,222.69,banana
102.94,36.99,49.57,28.67,61.06,7.67,106.33,cotton
101.28,47.59,87.52,20.92,61.08,5.91,56.0,potato
101.97,31.73,47.54,28.75,62.59,6.34,149.12,coffee
90.66,28.82,39.51,23.0,56.45,7.36,71.64,wheat
97.39,28.95,42.34,33.63,51.22,6.57,90.8,cotton
93.91,59.09,96.09,15.44,62.73,4.9,39.99,potato
80.86,49.92,97.45,22.02,51.15,6.21,47.79,tomato
55.71,34.26,32.02,15.13,47.01,6.44,63.82,wheat
92.59,40.12,95.98,24.92,55.81,6.8,63.41,tomato
111.67,61.75,94.88,21.77,79.27,6.29,67.95,potato
115.21,60.99,68.58,29.34,80.66,7.32,139.62,sugarcane
89.23,37.62,96.09,28.58,65.47,6.5,68.16,tomato
103.37,29.79,56.37,19.33,60.57,6.65,222.6,coffee
118.93,52.16,197.44,22.45,82.96,6.82,204.84,banana
133.19,47.94,60.93,29.47,80.92,7.32,105.22,sugarcane
127.06,38.12,100.66,35.5,74.06,6.86,92.48,sugarcane
18.36,39.41,19.29,29.15,52.18,6.81,33.87,chickpea
93.98,32.35,196.3,22.49,74.42,6.5,128.95,banana
90.23,49.33,30.18,25.81,37.68,7.41,47.49,wheat
83.7,52.85,28.0,11.81,50.49,7.35,48.29,wheat
153.23,40.1,196.99,24.19,83.48,6.36,225.14,banana
86.75,55.47,59.13,34.8,75.82,6.31,175.94,rice
76.34,48.31,62.8,35.14,86.46,7.01,301.72,rice
34.38,59.1,19.96,28.68,60.75,7.05,53.18,chickpea
124.43,59.34,93.35,21.53,73.91,4.78,72.7,potato
101.99,55.38,59.9,27.22,66.38,6.66,141.39,sugarcane
61.54,40.99,44.43,27.38,80.23,6.56,212.78,coffee
111.08,48.69,59.5,27.54,62.5,7.01,109.71,sugarcane
125.07,52.79,48.05,24.96,77.86,5.51,282.48,rice
66.91,38.87,37.25,23.55,46.82,6.81,81.08,wheat
99.86,43.28,49.75,25.5,42.07,6.43,103.59,cotton
61.16,50.48,101.88,16.61,48.46,6.31,69.15,tomato
76.98,63.26,107.97,20.16,63.39,6.36,37.42,potato
48.92,32.83,53.78,32.33,39.69,5.99,65.44,mango
40.09,44.78,35.3,19.89,48.9,8.3,69.55,chickpea
118.64,32.65,28.63,18.97,48.17,7.04,82.09,cotton
117.37,45.69,103.51,25.78,81.04,6.53,102.14,sugarcane
88.46,42.25,41.83,27.93,79.18,5.78,136.31,rice
73.85,28.36,52.56,28.98,76.67,6.55,231.7,coffee
143.73,50.42,196.67,33.16,83.36,5.72,155.64,banana
127.19,32.45,32.87,33.08,46.65,5.36,54.87,cotton
74.59,53.27,104.61,25.1,47.42,6.61,47.04,tomato
98.81,43.7,44.95,26.92,47.71,6.56,102.52,wheat
132.49,69.39,72.81,28.46,73.02,7.54,106.44,sugarcane
58.85,44.06,27.89,22.77,57.78,6.95,98.2,wheat
99.91,61.07,53.19,25.26,65.49,6.51,121.55,maize
32.23,32.97,47.82,32.01,46.68,6.53,82.08,mango
98.39,30.99,42.15,13.31,56.22,6.24,86.14,wheat
91.14,20.27,44.29,28.17,76.2,6.85,249.64,coffee
157.47,49.11,66.71,22.96,59.28,6.54,87.27,sugarcane
89.4,41.96,49.54,25.91,68.45,7.65,142.9,jute
118.3,59.46,51.38,22.16,60.5,5.96,113.33,maize
81.0,59.37,45.33,24.78,68.44,5.97,179.14,rice
79.17,52.76,38.73,20.29,48.58,6.63,63.51,maize
75.56,52.0,65.97,20.15,52.77,6.24,80.72,tomato
95.21,34.25,40.14,35.03,46.09,7.64,95.54,cotton
58.42,19.77,57.32,25.46,71.61,6.73,245.68,coffee
97.45,51.77,49.01,30.6,81.41,5.9,194.92,rice
59.84,22.6,37.0,26.03,49.68,7.34,126.47,mango
88.73,27.42,54.45,21.46,79.0,5.94,251.13,coffee
105.5,45.99,204.14,23.38,91.78,5.91,177.52,banana
101.53,45.67,41.7,28.48,92.69,7.21,239.95,jute
72.47,36.07,45.64,16.85,46.39,7.44,79.68,wheat
39.19,52.88,30.98,13.88,42.98,8.06,57.13,chickpea
36.32,60.44,32.57,21.98,60.22,6.88,61.68,chickpea
139.61,40.51,48.64,22.23,38.17,7.26,55.88,cotton
67.46,27.58,52.96,21.74,57.8,6.11,235.89,coffee
76.13,52.58,29.52,34.36,79.86,5.99,258.82,jute
110.15,60.66,41.71,23.05,63.83,6.29,64.64,maize
110.33,35.13,185.11,28.58,84.21,6.01,148.74,banana
105.75,42.34,60.1,35.88,69.6,5.48,149.99,rice
54.04,30.03,41.79,24.91,74.69,6.4,205.46,coffee
91.62,49.6,43.35,19.69,56.62,7.42,98.99,wheat
104.85,62.72,61.62,17.83,57.3,6.02,61.12,maize
96.13,54.09,88.49,25.26,81.02,4.92,75.18,potato
98.15,57.89,99.54,24.51,69.44,5.78,90.13,potato
119.54,44.68,48.06,33.35,71.55,7.06,56.38,maize
104.98,43.01,59.72,22.7,82.88,6.35,204.75,rice
101.22,60.59,59.83,30.69,60.41,5.85,90.47,maize
89.99,48.7,87.77,18.43,82.8,5.54,38.3,potato
98.15,39.28,40.26,13.84,62.21,7.2,66.48,wheat
67.94,54.18,99.4,24.42,52.53,5.93,36.32,tomato
89.57,38.23,37.64,23.73,69.97,5.83,95.78,maize
59.08,17.41,60.36,33.67,38.97,7.08,138.92,mango
119.44,28.96,44.63,33.29,68.64,8.31,96.18,cotton
123.27,43.24,73.6,24.24,65.05,6.88,145.1,sugarcane
78.31,68.21,87.64,19.99,73.62,6.65,64.6,potato
90.83,17.39,60.61,28.85,57.06,6.36,188.8,coffee
133.15,44.19,151.97,27.68,73.32,5.31,217.7,banana
57.85,38.65,72.78,23.36,66.83,6.23,48.31,tomato
109.24,73.48,74.84,20.92,58.07,7.02,212.84,sugarcane
97.06,46.28,48.84,35.65,39.47,8.18,56.9,cotton
38.12,34.64,60.04,33.32,53.34,5.6,70.87,mango
92.83,40.43,42.7,15.47,38.07,5.97,85.07,wheat
102.66,66.33,108.41,20.77,73.89,6.33,78.66,potato
96.75,27.02,41.77,24.73,76.77,6.61,257.58,jute
81.0,50.94,50.37,34.47,79.03,6.03,252.21,rice
103.11,32.71,39.42,34.82,55.0,5.31,55.09,cotton
76.88,47.75,40.24,26.44,91.79,7.62,147.43,jute
135.2,48.8,199.15,22.58,86.32,5.54,153.58,banana
79.11,38.87,37.04,14.8,47.18,5.95,47.53,wheat
109.19,38.72,37.03,21.89,90.26,6.54,161.03,rice
125.3,42.78,58.19,18.97,54.37,6.29,76.3,maize
103.36,39.06,102.75,36.54,76.28,6.51,193.32,sugarcane
74.65,57.7,50.53,25.71,69.45,7.01,204.53,rice
73.67,49.14,33.28,19.81,61.09,6.28,87.54,wheat
49.47,30.01,43.19,26.54,47.19,6.49,101.8,mango
137.73,31.0,202.24,32.1,90.05,6.21,127.19,banana
122.64,47.04,35.25,30.8,54.28,6.76,58.35,cotton
41.02,52.8,40.24,14.91,61.59,7.05,55.16,chickpea
63.6,53.63,64.92,23.69,68.71,6.29,53.68,tomato
89.9,47.73,97.65,18.75,47.36,6.28,72.28,tomato
123.9,42.81,150.37,28.43,81.44,7.09,158.6,banana
117.47,44.27,50.5,18.04,70.0,5.66,58.98,maize
56.39,36.16,45.5,8.11,48.42,7.03,82.18,wheat
105.19,39.44,165.39,27.05,81.82,7.21,221.99,banana
20.59,47.85,18.44,29.07,60.67,5.83,62.89,chickpea
62.49,41.65,36.57,19.96,60.72,6.07,101.87,wheat
46.12,29.03,57.29,25.78,42.2,6.43,68.67,mango
76.32,38.56,45.89,22.06,72.61,6.19,191.23,coffee
42.23,60.26,25.22,13.58,37.52,6.23,49.65,chickpea
99.19,18.45,47.18,26.9,67.6,6.74,148.04,coffee
122.45,56.8,60.99,32.58,63.88,7.61,83.5,maize
96.82,40.26,159.42,26.36,78.86,5.9,168.22,banana
121.58,50.27,41.88,29.97,62.08,5.52,96.37,cotton
71.41,44.59,72.03,21.3,50.64,6.25,57.23,tomato
129.89,51.28,161.44,27.16,87.98,6.62,202.69,banana
74.23,40.22,94.83,24.53,56.8,6.84,68.3,tomato
136.55,35.9,185.31,25.86,67.23,5.73,110.51,banana
103.55,43.92,30.01,25.01,49.72,6.05,52.42,wheat
92.15,18.57,48.83,17.74,75.85,6.51,177.5,coffee
96.79,43.38,42.45,26.6,53.05,5.37,110.87,maize
30.44,27.59,44.97,23.66,52.71,6.5,71.27,mango
114.95,58.64,58.35,25.87,75.36,6.74,283.77,rice
99.99,34.63,33.18,26.95,60.28,6.53,68.39,cotton
124.13,62.4,74.41,13.94,79.94,6.03,82.1,potato
124.43,39.62,52.4,20.58,61.12,6.03,73.11,maize
49.83,33.23,40.22,32.35,44.28,6.55,156.84,mango
58.7,40.29,62.5,20.43,47.29,6.87,40.44,tomato
104.53,59.98,79.17,27.07,48.83,6.48,82.06,tomato
76.77,65.81,97.33,15.5,64.67,5.75,53.93,potato
83.54,62.48,48.92,33.04,83.55,6.39,155.8,rice
55.69,51.68,34.96,27.98,69.1,6.56,261.39,jute
35.52,39.28,46.42,24.41,57.92,5.36,103.22,mango
85.65,39.52,45.5,24.16,75.48,6.02,151.38,jute
66.33,38.66,98.47,24.39,51.29,6.19,85.48,tomato
67.16,47.17,47.07,15.13,58.71,6.19,42.78,wheat
52.14,23.4,62.21,33.29,54.52,5.78,113.78,mango
75.51,47.57,53.88,26.35,51.06,6.37,79.82,maize
65.72,59.52,92.91,26.56,48.02,6.83,63.89,tomato
54.17,43.12,71.56,20.58,67.42,5.93,54.23,tomato
125.77,44.67,57.52,26.01,62.91,7.76,102.01,maize
134.83,43.71,69.81,36.65,70.83,5.86,113.55,sugarcane
96.8,50.46,49.81,26.46,42.94,7.59,79.63,wheat
100.63,30.24,41.78,23.16,63.98,8.21,102.29,cotton
94.91,49.84,104.71,21.85,67.5,5.57,69.77,potato
73.15,40.22,32.92,30.09,87.87,6.19,206.95,jute
55.62,37.19,32.2,21.01,41.71,7.09,59.63,wheat
76.45,56.84,105.87,21.33,78.54,5.6,68.14,potato
90.92,60.64,50.77,32.23,82.36,6.55,185.88,rice
118.52,33.36,45.9,34.45,51.1,7.3,78.51,cotton
132.03,47.95,30.26,20.48,72.53,6.63,93.47,cotton
109.58,38.58,40.98,21.93,64.42,6.34,108.27,maize
54.3,36.52,51.9,17.72,81.25,6.69,153.89,coffee
69.22,37.04,31.28,32.17,81.49,7.52,166.31,jute
65.72,22.32,57.89,17.49,69.83,6.08,176.54,coffee
93.69,39.46,41.32,31.85,77.12,5.69,237.22,rice
70.34,46.77,45.05,36.46,76.35,6.31,184.17,jute
126.81,67.14,88.35,21.62,79.91,7.18,119.13,sugarcane
87.34,47.83,116.91,19.57,65.49,4.8,34.8,potato
100.56,57.54,64.28,21.34,67.29,6.43,43.07,tomato
87.35,56.38,38.92,29.84,67.59,6.24,107.35,maize
46.64,39.21,54.27,26.97,51.36,5.42,116.95,mango
42.54,52.77,27.46,22.24,27.08,6.15,53.11,chickpea
81.14,50.83,105.15,22.76,72.52,6.35,70.95,potato
32.91,60.39,17.02,16.92,33.69,6.02,32.31,chickpea
56.29,58.34,88.15,19.75,52.26,6.25,77.08,tomato
109.08,63.41,95.92,27.05,62.5,7.42,132.78,sugarcane
86.64,41.58,59.98,19.33,60.99,6.1,147.51,coffee
149.75,53.12,68.77,30.19,87.28,7.19,149.33,sugarcane
94.41,27.54,55.82,17.69,75.85,6.41,252.05,coffee
121.63,42.99,37.97,28.57,76.64,6.89,285.11,rice
33.27,39.67,36.2,28.04,61.64,7.42,33.73,chickpea
28.83,20.28,56.77,22.7,38.36,7.55,132.39,mango
104.38,69.95,77.13,29.27,67.96,6.34,111.38,sugarcane
77.19,52.51,45.46,28.41,91.97,7.52,231.2,jute
61.65,58.27,67.59,29.44,61.64,6.12,59.79,tomato
66.63,30.66,38.17,34.2,75.59,5.79,220.81,jute
143.58,52.8,145.55,28.49,85.64,5.87,221.07,banana
96.26,32.96,54.52,16.91,78.83,6.03,174.34,coffee
96.84,33.67,52.21,23.05,62.16,7.41,51.74,wheat
59.26,34.1,40.71,24.77,54.66,5.95,81.0,wheat
109.65,38.04,57.67,21.05,64.75,6.87,101.9,maize
93.88,47.97,35.02,25.87,39.45,7.71,92.56,wheat
89.75,28.23,34.45,10.48,48.47,6.58,76.42,wheat
53.55,18.86,45.91,27.95,55.61,5.72,156.12,mango
22.77,42.12,26.72,23.29,56.0,6.65,53.23,chickpea
75.23,67.5,121.29,23.95,78.4,6.71,70.62,potato
103.24,43.12,52.58,29.54,76.76,6.67,140.97,jute
83.38,55.3,83.23,25.52,47.0,5.94,70.32,tomato
88.16,33.28,44.23,28.6,69.26,6.16,263.4,coffee
127.98,44.17,40.73,24.98,41.31,7.02,55.42,cotton
88.65,63.89,78.87,22.24,67.92,5.92,34.18,potato
65.91,61.33,74.22,24.11,54.84,6.61,39.27,tomato
79.87,55.99,92.21,19.76,82.28,5.69,91.94,potato
34.15,59.86,29.41,22.03,43.15,5.89,60.56,chickpea
110.21,48.6,46.91,23.63,83.39,5.98,144.59,rice
123.28,53.21,95.15,23.17,68.52,5.23,56.45,potato
123.47,48.4,44.46,18.27,60.03,5.77,123.97,maize
79.42,47.79,40.22,23.37,61.48,7.62,53.83,maize
54.16,43.13,64.04,21.32,70.1,6.28,77.95,tomato
83.32,45.75,28.53,19.41,58.21,5.91,75.8,wheat
49.69,32.38,58.61,30.82,61.68,6.02,102.55,mango
117.05,43.05,49.59,20.92,43.17,6.85,76.17,cotton
89.36,59.83,75.51,16.61,66.72,5.93,63.1,potato
76.81,60.41,99.18,20.97,65.1,6.57,74.1,tomato
90.61,70.74,101.79,23.78,67.14,6.39,36.17,potato
84.26,40.03,39.28,23.7,56.39,6.44,94.54,wheat
94.04,45.3,56.25,33.76,75.15,6.78,157.08,sugarcane
57.46,43.33,69.64,22.02,59.3,6.18,75.1,tomato
79.42,40.48,38.81,24.88,49.1,7.08,94.08,maize
91.83,39.94,39.96,26.35,82.11,5.93,164.0,coffee
30.44,22.47,52.09,28.66,43.94,7.44,114.95,mango
83.64,31.01,51.47,11.01,53.29,6.41,84.2,wheat
86.31,34.46,57.1,17.37,73.32,6.84,259.3,coffee
113.31,28.36,46.3,21.64,45.52,7.64,87.26,cotton
116.04,37.86,54.44,19.6,59.45,6.97,153.36,sugarcane
45.02,33.77,58.36,28.97,43.16,6.48,88.15,mango
63.8,19.84,42.1,17.52,82.48,6.01,161.11,coffee
116.52,53.23,74.67,21.02,78.97,5.85,46.23,potato
97.86,51.79,40.63,19.98,84.38,6.19,237.72,rice
99.37,39.54,50.98,9.46,39.96,7.59,104.09,wheat
58.67,27.66,32.25,22.5,62.76,7.59,75.27,wheat
105.74,57.56,58.37,21.53,61.27,6.66,87.89,maize
110.31,42.38,44.85,25.44,77.83,5.28,149.35,rice
138.1,32.18,171.41,21.38,85.12,6.09,220.91,banana
109.49,40.88,62.0,21.23,72.19,6.95,305.45,rice
54.45,41.43,78.49,27.56,72.09,6.5,45.03,tomato
61.61,42.99,93.05,19.1,47.92,6.82,79.57,tomato
38.63,50.28,33.3,15.43,26.4,5.83,65.88,chickpea
34.44,26.2,49.68,26.2,51.58,7.48,116.76,mango
81.47,55.02,41.5,27.64,92.79,5.28,130.73,rice
24.92,55.45,39.93,23.97,34.59,7.11,59.15,chickpea
98.82,41.56,72.38,19.59,50.19,6.55,51.99,tomato
81.84,31.39,31.29,33.94,67.4,7.23,230.25,jute
38.98,42.04,21.81,20.49,25.69,7.5,38.22,chickpea
151.77,66.68,60.93,32.31,69.85,5.81,153.69,sugarcane
96.81,51.06,64.05,25.34,49.01,6.11,75.19,tomato
97.13,41.22,79.84,25.17,49.69,6.04,66.97,tomato
118.51,55.44,57.69,23.01,60.75,5.29,80.87,maize
131.15,66.62,94.41,34.69,65.77,6.68,86.21,sugarcane
59.24,44.02,36.64,28.44,75.76,6.68,218.66,jute
24.12,38.18,31.04,27.09,55.5,6.84,33.67,chickpea
103.31,31.28,48.58,26.38,67.75,5.85,190.79,jute
123.36,45.43,51.66,20.58,63.12,6.41,79.91,maize
96.88,51.38,54.01,36.66,92.6,5.84,270.58,rice
63.63,21.55,47.94,26.72,58.52,6.71,200.1,coffee
105.94,35.56,49.35,23.58,78.95,6.46,161.21,jute
28.98,39.07,40.32,26.1,62.83,5.69,73.61,mango
61.96,50.37,27.05,32.95,69.27,6.98,215.72,jute
109.51,29.62,190.34,21.88,82.75,6.44,207.12,banana
83.86,41.27,54.05,16.9,66.9,6.71,168.87,coffee
84.74,45.12,41.63,16.27,51.09,6.93,100.11,maize
63.61,43.9,63.8,25.85,53.5,6.85,77.04,tomato
73.42,26.05,53.73,24.98,59.68,6.32,218.53,coffee
75.06,57.59,48.73,30.27,47.17,5.95,109.6,maize
63.47,28.36,39.76,24.32,75.28,7.41,258.33,jute
78.01,49.13,50.25,33.21,75.31,5.85,255.29,jute
101.43,50.88,77.33,21.52,48.21,6.83,59.8,tomato
122.11,62.48,54.87,23.03,81.52,7.55,141.98,sugarcane
106.55,46.38,50.33,32.12,90.05,7.07,225.71,rice
82.07,56.1,42.02,23.03,85.46,7.19,246.75,rice
102.77,68.37,58.41,36.6,75.38,6.78,195.16,sugarcane
64.24,25.39,60.45,33.88,38.77,6.07,85.11,mango
125.08,52.91,179.33,25.85,91.17,5.71,128.34,banana
75.84,56.1,111.38,15.19,77.46,6.17,32.76,potato
53.63,19.68,50.19,24.78,38.21,5.57,148.51,mango
95.53,51.83,37.02,27.64,65.67,6.67,89.73,maize
66.54,53.43,82.54,16.56,72.85,6.73,59.3,tomato
75.44,71.9,89.08,15.3,57.14,6.45,88.61,potato
110.81,46.16,164.26,29.97,91.77,6.13,117.65,banana
99.84,47.41,41.43,24.49,59.23,6.2,81.64,cotton
104.74,32.69,40.41,26.01,62.41,6.24,45.69,wheat
137.27,65.63,101.8,32.63,70.33,6.31,149.98,sugarcane
86.95,33.96,43.71,35.96,68.54,7.37,163.2,jute
84.0,40.73,58.07,28.73,60.79,6.17,103.14,maize
64.32,45.63,46.76,18.96,59.44,6.34,99.81,wheat
111.29,43.5,59.79,21.53,52.21,5.42,90.9,maize
86.52,29.83,51.97,26.34,67.67,7.44,182.79,jute
110.9,51.98,59.05,26.55,57.65,5.78,206.09,sugarcane
110.7,44.85,60.48,18.63,91.33,6.91,150.41,rice
117.09,40.61,60.66,25.57,62.24,6.53,53.81,maize
21.16,50.73,31.37,23.9,42.17,7.02,32.98,chickpea
112.02,53.3,48.11,25.19,60.24,5.25,90.24,maize
95.62,52.31,38.61,30.86,52.63,7.29,92.68,maize
59.09,34.17,37.77,8.58,48.65,6.29,68.03,wheat
143.44,44.11,176.18,21.05,84.09,6.53,121.23,banana
102.67,25.49,37.52,18.34,57.84,6.3,238.63,coffee
21.2,52.58,41.15,27.12,50.77,7.56,30.86,chickpea
120.65,37.75,43.26,20.54,87.2,5.66,305.07,rice
137.47,55.23,81.64,31.53,72.13,6.95,115.02,sugarcane
20.7,51.33,27.99,29.81,51.01,8.13,31.36,chickpea
64.5,47.82,43.06,24.6,61.67,6.45,48.39,wheat
127.3,38.11,194.3,21.05,83.06,6.66,231.35,banana
101.99,36.46,45.83,30.4,42.83,7.91,55.97,cotton
120.01,62.35,78.27,15.53,59.0,4.99,96.0,potato
124.79,45.28,48.99,26.03,68.34,6.59,196.4,rice
22.06,56.01,26.08,21.29,31.62,8.23,57.79,chickpea
34.97,40.03,52.0,23.02,55.31,6.52,147.07,mango
96.12,52.51,27.79,32.72,92.98,7.33,200.7,jute
65.26,44.91,50.65,13.5,51.79,6.34,78.53,wheat
120.07,42.86,45.58,24.47,59.48,7.79,59.93,maize
53.06,30.73,59.78,25.61,47.44,7.27,76.71,mango
70.68,36.99,42.78,21.5,75.13,6.89,192.1,coffee
67.17,48.88,31.47,24.22,85.96,6.64,238.21,jute
119.94,34.5,31.68,34.89,63.2,6.98,109.66,cotton
76.42,54.78,85.65,29.14,50.61,6.48,37.29,tomato
99.31,49.76,61.38,28.9,79.31,5.8,192.16,rice
75.28,59.99,81.95,14.21,72.56,6.29,34.84,potato
139.58,73.03,64.86,30.41,63.13,5.81,183.61,sugarcane
57.65,41.95,39.15,19.73,48.63,6.55,73.17,wheat
100.65,45.76,54.21,27.38,71.44,7.7,104.09,maize
52.6,26.45,37.41,36.48,50.87,6.22,114.34,mango
32.31,55.05,17.87,13.78,35.69,5.92,49.41,chickpea
101.63,39.73,47.36,35.64,83.4,5.62,193.58,rice
68.25,36.4,50.13,21.03,77.46,6.52,200.94,coffee
40.31,56.98,36.3,24.34,41.7,6.75,61.56,chickpea
54.81,33.33,60.6,29.78,53.47,6.27,95.67,mango
95.51,25.3,46.2,24.68,60.82,6.0,167.47,coffee
65.85,46.74,41.4,8.16,45.23,6.12,85.13,wheat
59.35,24.85,57.97,22.92,61.46,6.21,258.97,coffee
94.42,36.0,36.3,29.06,84.52,6.87,235.9,jute
94.44,49.64,76.92,28.3,62.03,6.4,69.51,tomato
57.64,25.53,45.48,20.44,72.42,6.66,256.91,coffee
137.73,47.87,78.84,33.68,80.47,7.35,213.35,sugarcane
109.1,37.72,46.73,25.15,49.71,8.36,88.61,cotton
112.78,39.2,57.13,26.64,49.88,5.41,109.57,maize
121.65,63.32,75.65,19.63,59.23,5.89,65.58,potato
94.2,31.17,61.4,27.13,66.31,6.36,259.45,coffee
72.48,18.16,52.18,21.44,80.64,6.38,234.51,coffee
74.19,38.63,39.85,17.64,56.14,7.02,112.67,maize
94.41,39.08,56.64,26.21,79.2,5.57,162.78,rice
76.01,42.3,37.37,20.73,77.15,6.25,254.73,coffee
88.9,61.05,37.65,28.58,83.48,5.48,154.87,rice
32.55,41.61,38.16,19.02,43.47,6.71,48.47,chickpea
122.63,34.54,52.26,30.21,61.67,6.6,71.21,cotton
86.56,19.35,46.54,23.61,65.46,6.67,176.33,coffee
97.72,37.31,37.25,12.55,49.78,7.35,100.69,wheat
74.89,33.97,42.76,26.06,45.96,6.86,61.76,wheat
83.86,49.62,93.01,17.76,58.13,6.4,77.21,tomato
116.86,47.12,43.92,31.67,51.21,5.89,87.07,cotton
70.25,33.44,46.85,25.56,66.06,5.88,147.21,coffee
96.4,39.03,48.18,32.18,51.44,7.06,80.86,cotton
105.78,27.49,55.64,25.44,61.53,6.54,190.65,coffee
103.45,41.99,182.85,27.3,90.16,5.46,142.36,banana
81.65,35.18,47.12,22.66,58.95,7.52,70.73,wheat
70.68,43.98,44.49,16.23,42.94,7.18,53.48,wheat
157.12,69.69,101.44,23.3,63.4,6.61,143.93,sugarcane
56.66,47.43,39.93,30.05,79.19,6.29,170.93,jute
79.52,29.28,47.44,28.18,72.41,7.0,191.8,jute
34.85,23.39,41.81,31.38,40.69,6.32,114.77,mango
21.02,38.9,27.17,13.93,40.89,6.06,57.99,chickpea
98.11,19.56,48.46,28.12,68.04,6.47,248.5,coffee
142.27,42.49,37.83,25.52,67.44,7.22,57.52,cotton
124.27,31.53,181.94,22.01,72.14,6.84,135.57,banana
109.55,38.08,148.69,29.69,88.56,5.87,178.64,banana
38.22,60.68,37.46,22.9,46.62,7.38,37.85,chickpea
98.29,31.21,48.17,23.23,79.54,6.77,160.69,jute
119.05,60.98,51.48,19.59,64.82,6.63,124.67,maize
92.95,63.23,117.09,16.48,65.91,6.15,83.07,potato
56.21,32.81,38.83,15.82,41.59,7.38,102.67,wheat
26.69,38.54,41.91,29.86,39.72,8.15,32.38,chickpea
93.09,35.16,34.09,10.3,48.41,6.37,66.5,wheat
34.13,50.69,24.04,22.41,44.72,7.77,68.25,chickpea
97.57,45.83,41.69,28.93,56.29,7.41,69.8,maize
94.87,50.76,37.03,18.85,49.43,6.63,76.67,maize
31.49,38.82,21.44,23.58,37.42,6.26,35.16,chickpea
95.18,29.01,37.59,23.32,90.8,7.22,224.25,jute
90.81,52.37,53.17,28.4,70.54,5.97,102.38,maize
135.83,27.25,193.66,27.33,79.73,6.39,172.13,banana
116.62,34.17,185.36,28.81,80.59,7.16,166.4,banana
80.82,35.91,44.56,30.99,79.98,6.27,203.35,jute
64.66,59.82,69.15,20.2,54.09,6.68,70.72,tomato
120.34,30.86,38.62,28.78,45.93,7.12,57.06,cotton
96.48,49.63,162.36,21.74,80.56,5.52,205.5,banana
123.09,48.1,60.43,17.69,48.12,7.08,110.36,maize
39.02,41.17,37.56,22.42,40.22,6.08,70.14,chickpea
84.1,40.25,56.13,17.75,67.42,5.89,175.03,coffee
87.92,61.22,104.14,22.05,63.04,6.71,34.05,tomato
77.76,25.41,55.89,21.3,61.42,6.21,248.99,coffee
76.05,52.16,105.34,19.68,61.9,6.52,62.55,tomato
92.97,37.5,78.98,28.15,58.27,6.88,67.93,tomato
129.18,55.34,91.8,31.5,83.24,5.9,183.14,sugarcane
91.03,46.87,54.83,23.54,91.67,7.06,221.28,rice
88.27,18.19,50.81,26.14,57.89,6.23,249.13,coffee
90.66,34.53,48.72,36.14,74.66,7.31,240.75,jute
60.81,28.34,51.58,12.93,50.11,5.95,70.04,wheat
88.55,37.87,95.3,23.11,48.96,6.59,59.97,tomato
104.65,59.49,45.27,24.7,71.73,7.28,120.19,maize
114.94,40.38,150.06,32.6,69.85,5.68,143.8,banana
121.91,48.61,171.52,26.22,71.09,5.52,184.49,banana
111.67,49.53,121.49,21.11,69.83,5.72,44.29,potato
54.26,35.21,57.65,27.0,48.34,5.64,157.79,mango
80.91,26.79,40.2,17.88,60.98,6.09,232.99,coffee
119.74,64.95,82.94,19.39,75.77,6.6,73.73,potato
107.72,57.35,52.98,24.92,63.05,5.59,67.81,maize
133.26,44.35,76.9,34.04,75.93,5.91,142.58,sugarcane
82.38,43.96,55.73,17.17,65.07,6.89,57.64,tomato
91.65,48.77,29.1,24.95,57.74,7.47,87.9,wheat
94.28,40.29,144.85,29.31,91.33,7.04,131.74,banana
115.38,48.47,42.49,19.34,69.27,6.53,58.03,maize
110.1,52.11,42.19,33.43,85.6,6.72,153.06,rice
22.53,48.65,22.27,13.42,63.76,6.37,51.74,chickpea
94.07,38.21,153.55,31.14,73.79,7.12,231.34,banana
99.14,29.68,39.49,26.95,40.87,5.14,65.04,cotton
99.09,52.32,82.74,19.59,64.63,6.27,36.24,tomato
81.27,30.48,49.92,33.14,90.96,7.18,166.82,jute
41.63,47.74,23.37,21.28,40.59,7.6,68.53,chickpea
100.1,48.67,73.23,19.79,50.47,6.26,79.34,tomato
56.81,52.72,47.3,29.22,81.96,6.87,168.07,jute
90.31,41.0,49.73,17.79,76.92,5.89,234.4,coffee
57.68,60.34,92.01,26.38,69.74,6.7,56.46,tomato
78.05,42.47,73.94,28.7,56.45,6.67,82.0,tomato
33.07,48.42,26.65,28.36,57.53,7.81,52.79,chickpea
71.15,51.23,44.73,26.75,47.84,6.82,74.16,wheat
100.82,50.6,61.04,27.19,55.09,6.24,61.41,maize
75.68,58.67,109.58,24.06,64.78,6.67,87.4,potato
87.52,52.04,52.86,33.81,92.98,7.0,199.62,jute
120.09,40.1,50.97,28.13,52.6,6.01,95.32,cotton
120.71,72.42,81.78,20.82,70.87,6.17,199.14,sugarcane
117.1,69.24,59.71,29.4,62.24,7.43,160.28,sugarcane
65.53,46.08,48.51,19.32,52.38,6.44,71.51,wheat
111.09,57.12,59.5,32.17,87.82,5.37,173.23,rice
129.39,41.7,199.69,23.63,71.17,6.47,219.72,banana
65.04,18.19,58.8,27.09,61.23,6.55,230.91,coffee
83.08,41.08,60.09,27.54,62.97,6.43,230.71,coffee
101.37,71.32,56.62,18.0,62.2,7.36,153.05,sugarcane
79.04,50.96,39.83,16.88,62.02,6.65,54.26,wheat
130.47,40.12,181.47,24.87,85.47,6.8,206.17,banana
103.58,29.8,38.38,29.18,40.91,6.08,72.39,cotton
99.02,65.27,57.35,19.09,85.14,7.34,199.6,sugarcane
47.37,21.57,39.72,25.53,46.07,5.24,131.26,mango
81.45,61.8,40.77,25.4,52.12,5.4,66.78,maize
98.45,35.28,27.88,31.04,72.87,7.3,223.38,jute
135.13,50.24,205.31,32.08,83.12,5.68,227.65,banana
96.45,52.16,202.78,22.04,80.77,7.21,215.84,banana
59.4,40.82,44.0,29.44,77.15,7.62,226.11,jute
85.71,36.25,43.18,28.21,87.69,7.64,170.14,jute
95.29,30.52,39.25,19.98,65.43,6.21,249.1,coffee
92.85,30.4,47.98,26.02,52.77,7.16,88.88,wheat
104.22,70.91,114.91,23.43,81.13,6.02,97.17,potato
100.19,51.94,28.13,35.94,74.27,7.07,157.73,jute
89.75,55.31,83.1,15.86,80.44,6.3,54.89,potato
98.86,48.39,44.81,27.79,71.33,7.01,199.61,jute
28.68,51.84,37.75,28.8,41.78,7.57,33.7,chickpea
84.56,45.67,38.51,10.8,39.71,7.72,72.1,wheat
93.95,47.24,206.44,29.07,82.34,7.05,138.14,banana
108.94,55.48,62.6,28.24,48.04,7.45,79.44,maize
97.2,38.67,32.26,31.63,49.41,6.59,59.88,cotton
120.29,49.22,49.38,35.99,68.55,5.69,241.73,rice
98.43,60.78,101.07,14.35,58.34,5.95,73.05,potato
42.31,54.36,32.79,17.06,27.95,7.92,50.87,chickpea
104.91,40.8,58.44,23.8,70.74,7.07,159.78,rice
112.02,57.36,51.82,19.79,90.5,6.96,283.13,rice
135.97,68.19,83.43,30.23,62.01,5.85,187.92,sugarcane
89.06,40.65,43.97,25.67,39.61,6.39,47.21,wheat
41.4,59.54,22.57,24.87,47.65,7.78,46.39,chickpea
102.95,31.92,37.15,32.17,68.17,7.17,135.63,jute
104.74,54.7,47.23,23.95,80.12,6.98,293.47,rice
82.54,40.45,61.81,21.08,56.24,6.04,121.06,maize
80.04,29.61,40.91,32.01,75.32,5.79,215.81,jute
40.6,20.01,59.51,31.06,40.8,6.3,104.38,mango
93.73,39.9,50.9,8.39,38.74,6.56,47.72,wheat
48.58,28.41,56.69,32.93,40.57,7.26,71.41,mango
109.89,41.25,54.38,25.1,83.09,5.35,217.54,rice
54.67,52.99,35.63,29.22,87.4,7.16,250.51,jute
66.23,28.38,43.02,26.61,85.08,7.14,194.21,jute
109.41,34.85,28.06,24.63,69.74,8.09,59.63,cotton
104.24,40.57,50.65,23.23,38.53,6.61,87.89,wheat
144.74,52.59,161.8,24.73,74.25,5.58,207.37,banana
105.49,40.7,43.61,24.52,61.26,6.17,76.86,wheat
105.3,62.96,91.43,24.45,67.2,6.81,61.0,tomato
66.99,35.5,46.86,23.75,66.63,6.42,229.87,coffee
97.33,58.53,59.09,21.23,71.79,6.23,113.41,maize
93.3,62.75,115.84,16.46,63.52,5.96,93.59,potato
115.98,51.57,122.52,24.0,66.38,5.37,41.44,potato
88.17,23.56,56.95,25.13,60.4,6.09,174.13,coffee
97.35,32.28,201.62,27.94,78.9,6.73,222.33,banana
110.38,64.82,84.05,33.47,73.89,7.44,188.49,sugarcane
125.55,29.94,181.38,29.86,82.89,6.73,120.46,banana
37.0,50.97,23.62,18.48,45.6,7.11,25.37,chickpea
139.1,44.24,144.81,23.95,72.38,6.0,228.9,banana
117.36,59.9,84.72,20.5,68.82,6.28,68.61,potato
124.85,54.27,89.97,15.14,76.63,6.58,83.83,potato
145.55,36.95,67.74,18.86,77.94,6.49,169.77,sugarcane
85.15,56.76,85.25,24.21,63.16,5.01,34.79,potato
81.68,51.73,35.38,31.43,67.0,7.21,200.33,jute
39.95,58.0,22.19,21.93,56.55,7.45,30.01,chickpea
102.0,41.79,49.88,18.67,51.2,6.79,71.58,maize
27.79,54.51,24.22,13.09,38.94,7.53,42.64,chickpea
65.72,32.18,56.91,27.84,80.83,5.97,229.39,coffee
66.44,33.15,54.55,20.07,68.75,6.33,235.56,coffee
24.45,42.59,35.28,22.29,58.25,7.21,46.75,chickpea
18.32,61.17,28.13,24.06,40.88,7.82,50.95,chickpea
93.81,30.14,42.91,30.71,80.99,6.72,221.3,jute
29.53,59.01,31.8,17.95,52.94,7.83,45.93,chickpea
88.07,46.47,45.18,20.82,70.84,7.1,212.89,rice
122.74,45.96,36.22,21.87,44.33,7.78,69.9,cotton
89.36,65.83,81.59,24.12,59.62,6.46,64.86,potato
94.49,37.58,62.41,24.31,79.88,5.95,207.03,coffee
70.53,60.07,63.85,19.36,64.85,5.97,72.08,tomato
115.36,42.94,52.4,18.71,54.89,7.51,93.44,maize
113.16,28.29,35.52,34.73,71.26,6.72,114.66,cotton
122.54,68.74,98.13,25.03,73.7,6.48,48.49,potato
58.36,33.01,55.72,24.58,70.78,6.48,224.64,coffee
57.2,27.53,52.77,35.13,59.13,7.59,89.98,mango
90.5,62.8,94.45,19.4,63.2,6.19,35.57,tomato
20.29,47.26,27.06,17.78,41.2,7.31,38.92,chickpea
90.02,27.65,33.82,16.79,37.81,6.98,86.59,wheat
106.91,51.78,64.49,36.34,88.61,6.5,177.2,sugarcane
126.62,33.17,186.81,30.22,89.05,7.21,164.72,banana
124.46,47.32,189.49,33.42,78.39,6.11,141.63,banana
76.11,49.86,34.03,25.18,48.08,6.41,75.16,wheat
99.29,17.31,39.53,22.37,76.72,6.86,202.74,coffee
85.72,32.18,47.67,16.56,68.69,6.65,165.58,coffee
65.4,39.43,32.97,31.25,86.76,7.67,244.53,jute
88.26,55.96,45.05,25.73,71.0,6.6,99.13,maize
124.94,48.0,39.1,21.79,53.18,5.24,58.43,maize
110.94,44.88,28.06,31.31,43.35,6.37,62.03,cotton
70.02,27.03,52.4,28.27,78.2,7.16,213.57,jute
109.74,44.71,152.4,22.73,90.44,5.51,108.16,banana
90.67,62.38,47.39,31.12,67.6,6.06,298.15,rice
100.47,26.89,59.47,16.91,66.03,6.77,252.17,coffee
56.95,48.46,93.92,20.54,56.92,6.53,36.89,tomato
155.77,39.57,154.07,33.1,91.98,6.12,150.26,banana
40.76,44.62,20.13,20.49,37.03,8.0,26.42,chickpea
140.52,63.39,67.86,28.59,84.05,6.26,180.68,sugarcane
107.83,57.19,110.98,23.2,64.89,6.71,91.56,potato
90.67,28.75,28.01,20.5,45.81,7.05,48.61,wheat
120.26,30.47,191.95,21.85,84.3,5.8,166.38,banana
43.55,27.77,39.7,27.53,47.32,5.67,121.06,mango
18.32,59.98,38.49,22.29,26.37,7.16,27.23,chickpea
121.1,49.4,159.55,28.79,73.47,6.52,111.28,banana
41.94,51.97,32.32,16.62,55.33,7.62,29.08,chickpea
39.45,38.48,27.38,27.53,40.83,6.01,36.85,chickpea
30.83,38.42,19.92,13.17,59.98,7.45,38.32,chickpea
84.82,37.74,35.75,33.85,84.02,6.17,214.29,jute
95.2,46.58,50.21,23.46,43.43,6.86,61.83,wheat
127.17,62.63,64.17,26.26,70.7,6.2,158.46,sugarcane
28.09,42.5,40.03,19.15,51.16,6.71,65.78,chickpea
89.72,41.02,51.31,15.27,58.73,5.92,90.59,wheat
77.81,41.63,39.62,29.82,68.73,5.68,68.1,maize
131.27,34.45,46.7,30.36,66.21,5.94,93.52,cotton
91.4,34.95,49.91,23.87,69.0,6.29,170.2,coffee
65.36,37.69,42.24,19.06,68.59,6.86,211.11,coffee
105.01,28.1,38.57,18.42,40.82,6.43,106.7,wheat
135.12,33.06,179.73,33.23,75.22,5.34,123.57,banana
96.07,53.94,94.01,21.98,59.71,6.61,63.56,tomato
101.93,47.38,88.8,25.23,58.49,5.4,53.39,potato
125.78,71.02,119.28,16.91,82.13,6.58,67.23,potato
76.61,45.9,57.66,29.89,86.52,6.82,168.83,rice
100.2,51.41,104.59,23.41,81.24,6.38,44.78,potato
97.06,42.91,51.42,18.99,88.52,6.51,275.33,rice
100.03,71.96,94.49,20.23,81.15,5.09,68.28,potato
107.3,51.2,40.22,23.05,55.15,7.4,80.55,maize
43.54,21.1,50.49,35.55,42.21,5.48,144.21,mango
67.04,36.49,30.9,24.76,52.66,6.04,87.6,wheat
102.9,51.36,40.84,20.28,49.03,6.59,50.26,wheat
91.23,37.53,96.97,22.92,71.36,6.27,47.69,tomato
95.45,66.32,76.03,22.56,67.55,7.25,145.48,sugarcane
105.94,32.82,34.46,12.63,43.83,6.91,107.08,wheat
100.16,43.38,40.55,16.11,49.07,6.18,95.99,wheat
96.34,59.05,90.29,23.4,68.52,6.79,58.99,tomato
101.97,33.4,203.11,28.7,67.99,5.43,207.11,banana
111.63,59.6,60.58,22.04,62.88,6.78,71.85,maize
68.3,28.69,28.43,19.09,37.56,7.43,52.6,wheat
83.71,25.29,60.95,18.52,65.5,6.33,230.94,coffee
94.64,43.48,96.68,18.8,56.35,6.3,49.57,tomato
99.53,34.39,47.48,15.21,62.48,7.5,62.09,wheat
116.08,36.91,158.39,24.07,78.82,5.76,165.64,banana
25.25,48.93,39.13,18.2,43.07,7.43,30.69,chickpea
90.33,33.82,41.09,23.94,67.6,5.8,155.57,jute
23.74,44.37,25.79,23.27,48.26,6.36,34.14,chickpea
108.2,63.7,83.84,31.34,77.18,7.15,202.72,sugarcane
92.79,45.11,203.03,28.58,69.5,7.2,231.83,banana
99.66,45.68,29.87,33.78,75.78,7.6,213.44,jute
135.61,35.85,30.9,22.3,56.2,7.88,57.09,cotton
107.74,62.17,38.5,32.7,61.76,7.03,62.64,maize
63.29,50.5,41.29,10.68,42.27,7.06,89.61,wheat
79.47,31.26,58.25,22.49,59.1,6.39,243.93,coffee
129.64,29.88,29.76,32.37,37.65,7.76,104.25,cotton
20.58,55.15,21.23,29.09,51.07,6.3,34.25,chickpea
87.3,32.24,50.09,23.58,46.09,6.9,51.67,wheat
125.03,53.06,52.87,33.86,49.3,7.73,66.91,maize
65.6,37.45,44.04,35.11,80.64,6.81,176.51,jute
110.01,44.0,152.13,26.94,67.07,5.65,187.13,banana
63.52,48.18,68.67,24.94,64.96,6.43,65.78,tomato
75.72,33.69,40.07,10.71,46.15,6.88,69.37,wheat
43.16,29.54,57.0,29.69,41.58,5.35,76.05,mango
105.81,52.25,72.56,35.55,86.14,7.04,99.4,sugarcane
38.85,50.94,38.39,22.32,31.19,5.91,68.3,chickpea
116.62,54.0,55.46,28.93,69.75,6.8,72.7,maize
80.03,35.85,34.41,26.21,83.87,6.61,190.35,jute
111.28,48.68,44.08,19.63,90.47,6.16,166.96,rice
92.55,26.53,50.19,19.04,62.05,6.56,149.09,coffee
137.19,31.14,52.49,23.0,51.95,6.94,60.32,cotton
153.37,42.09,182.26,27.22,81.42,6.58,190.15,banana
65.72,35.79,52.92,18.63,76.28,6.43,149.56,coffee
95.32,60.79,83.3,31.03,74.69,6.63,130.52,sugarcane
84.55,44.27,38.37,22.49,62.94,6.09,55.66,wheat
92.25,54.71,72.83,17.1,47.2,6.74,50.72,tomato
116.01,31.83,179.56,32.37,75.23,6.27,217.04,banana
100.04,63.14,95.09,18.7,63.86,5.82,46.76,potato
96.14,49.66,41.8,17.62,56.05,7.68,98.98,maize
33.12,27.94,46.15,36.51,49.06,6.97,152.84,mango
76.72,35.83,33.5,18.04,46.76,7.67,53.74,wheat
123.76,51.64,123.42,14.4,71.45,4.95,69.42,potato
80.66,45.35,42.02,19.76,89.52,6.42,197.44,rice
100.55,71.63,54.72,29.49,87.04,6.48,153.52,sugarcane
53.17,35.79,38.73,25.53,37.34,6.53,149.14,mango
97.33,47.22,59.75,36.77,89.69,5.65,170.56,rice
26.85,62.09,35.02,27.36,46.58,6.32,57.19,chickpea
28.07,46.11,26.26,19.45,62.35,5.86,30.17,chickpea
22.99,57.29,37.05,19.52,32.22,5.99,28.71,chickpea
119.84,36.09,57.63,21.56,81.25,7.51,155.93,sugarcane
123.17,47.2,61.02,29.04,67.12,5.35,260.18,rice
118.65,48.85,28.83,19.23,36.47,6.79,105.25,cotton
87.35,30.91,47.59,20.84,58.35,6.59,189.79,coffee
84.53,51.09,55.24,36.33,82.86,5.77,249.47,rice
80.02,47.14,62.96,21.51,71.0,6.1,248.34,rice
37.25,27.08,55.75,31.72,55.25,7.51,108.24,mango
85.54,38.56,38.51,9.15,57.87,7.52,43.22,wheat
121.72,44.89,39.27,31.89,74.4,6.26,53.29,cotton
94.94,41.01,50.75,17.47,69.84,7.6,115.09,maize
146.68,48.01,175.69,25.32,91.58,6.51,175.67,banana
101.13,49.45,62.87,20.75,54.6,6.63,35.33,tomato
116.21,70.96,72.55,21.18,74.98,6.55,97.47,sugarcane
117.78,30.36,158.1,27.45,90.82,5.86,139.37,banana
75.16,51.51,51.72,15.77,54.35,6.67,91.47,wheat
123.51,70.21,108.1,20.1,80.9,6.05,75.3,potato
66.27,46.84,51.18,17.46,53.72,7.47,107.42,wheat
101.97,48.39,49.32,26.47,47.16,7.56,56.54,maize
75.36,43.31,46.53,22.29,60.64,7.5,73.8,maize
100.93,29.12,207.09,20.62,85.41,6.47,176.83,banana
30.11,28.1,50.53,23.49,49.03,6.89,123.62,mango
103.34,48.5,55.34,31.16,61.64,7.02,109.48,maize
102.57,41.96,78.85,29.59,61.98,7.16,121.53,sugarcane
124.11,40.46,44.71,28.14,72.18,6.52,53.53,cotton
100.6,62.33,56.69,26.84,63.79,6.15,67.03,tomato
86.73,41.19,61.44,35.07,87.21,6.28,223.17,rice
103.38,46.67,31.08,33.07,66.62,7.55,53.76,cotton
83.52,28.8,31.43,9.1,55.92,6.34,89.54,wheat
110.51,68.23,113.78,22.67,80.1,4.94,77.82,potato
157.23,44.35,175.91,25.67,75.44,6.65,181.43,banana
30.23,55.25,40.06,22.8,30.04,5.71,47.36,chickpea
41.69,19.76,37.92,25.85,49.43,6.52,84.96,mango
126.59,28.84,35.24,34.79,58.2,6.46,82.73,cotton
117.85,63.27,95.65,16.52,76.37,6.62,57.25,potato
55.43,46.09,30.4,34.89,91.66,7.13,204.27,jute
90.41,33.92,50.57,27.27,80.42,6.71,255.07,jute
115.81,39.64,45.03,26.19,48.12,5.41,105.3,maize
125.37,64.22,95.78,16.25,76.38,5.28,43.05,potato
71.83,30.08,44.17,27.48,88.4,7.0,249.39,jute
90.95,49.64,32.6,24.82,91.54,6.85,182.55,jute
86.02,63.02,108.28,17.49,78.29,6.5,88.08,potato
107.63,34.67,148.68,20.83,92.3,5.46,121.24,banana
104.09,55.11,76.8,13.7,78.74,5.17,73.47,potato
152.65,32.42,155.23,27.66,92.88,6.23,148.02,banana
63.22,30.67,43.11,23.6,88.4,7.35,145.41,jute
93.15,41.77,43.19,36.29,76.06,7.34,207.66,jute
115.35,51.73,168.19,28.38,80.59,6.98,152.99,banana
156.4,62.26,59.42,21.62,83.1,7.72,97.78,sugarcane
85.17,51.78,39.85,13.61,49.41,6.48,57.09,wheat
100.82,41.82,89.68,19.29,68.41,6.54,49.29,tomato
94.98,40.73,83.67,33.51,85.07,7.01,137.41,sugarcane
114.76,48.4,49.38,37.15,84.54,6.86,303.5,rice
101.61,53.5,107.9,21.76,59.21,5.5,80.88,potato
117.74,43.77,45.38,22.48,79.48,6.61,172.01,rice
81.57,34.16,43.35,27.68,72.74,7.05,186.21,jute
109.67,51.63,111.78,24.6,72.63,5.16,76.67,potato
95.4,51.13,44.89,23.91,75.49,5.94,213.23,jute
112.85,27.58,175.49,24.22,74.54,7.08,124.89,banana
89.69,54.54,79.64,21.58,66.82,6.19,44.82,tomato
32.6,40.95,34.03,20.45,38.54,6.33,62.21,chickpea
85.03,64.96,107.1,21.03,62.37,5.9,73.16,potato
109.97,35.65,43.46,22.35,71.36,5.46,52.95,cotton
101.05,57.8,45.18,34.08,79.85,5.5,141.55,rice
28.51,35.02,58.7,24.62,38.93,7.5,76.64,mango
61.33,29.23,28.92,31.02,87.92,6.28,256.36,jute
107.67,40.51,48.47,32.15,47.94,7.42,63.73,maize
101.8,41.46,57.2,25.0,62.46,6.87,81.14,tomato
103.62,63.61,116.98,20.63,76.46,5.32,95.99,potato
99.28,44.87,163.21,31.77,90.89,6.93,146.91,banana
87.85,68.32,101.39,18.62,74.22,5.83,41.05,potato
107.44,53.9,44.03,22.67,48.19,7.25,84.77,maize
98.81,41.4,42.95,32.11,48.58,5.16,93.59,cotton
91.84,48.28,89.72,24.25,67.69,6.46,65.56,potato
57.58,39.37,51.6,29.83,55.14,6.57,104.47,mango
38.67,54.88,22.21,26.01,35.23,7.67,50.57,chickpea
31.58,19.38,60.07,27.74,50.61,7.2,99.97,mango
102.95,31.43,38.94,22.0,36.27,5.29,112.94,cotton
143.46,50.15,86.38,22.19,75.11,5.93,141.5,sugarcane
105.9,36.74,31.24,26.19,81.84,6.88,164.88,jute
40.42,31.02,55.29,29.56,40.64,5.43,106.54,mango
101.47,60.87,75.89,20.45,56.91,6.91,66.18,tomato
91.8,47.61,48.44,20.2,69.38,6.58,255.33,rice
26.87,44.05,22.07,26.64,39.31,6.96,34.89,chickpea
85.58,52.79,105.2,19.05,67.08,5.86,95.56,potato
114.53,34.84,30.59,30.84,40.83,7.65,65.61,cotton
134.78,48.08,101.13,23.58,65.2,7.5,173.51,sugarcane
66.51,44.35,63.45,29.17,67.31,6.85,78.81,tomato
123.92,69.68,92.13,23.71,81.92,5.28,72.16,potato
77.54,47.93,85.54,25.92,70.3,6.16,66.8,tomato
100.33,44.74,32.63,21.09,53.66,6.38,113.68,cotton
82.2,24.76,51.36,28.66,79.6,6.48,189.35,coffee
122.96,62.16,93.55,23.51,65.5,6.73,120.56,sugarcane
117.14,52.17,71.52,20.69,79.45,7.48,202.73,sugarcane
155.15,30.93,175.68,23.73,86.17,6.79,156.64,banana
86.03,55.36,107.53,13.93,71.85,6.35,72.18,potato
136.74,41.06,196.39,25.85,92.61,6.95,141.47,banana
30.01,41.6,27.72,23.78,54.18,6.33,64.61,chickpea
78.82,47.26,56.18,22.77,86.56,6.26,273.8,rice
102.93,42.92,46.59,35.94,40.05,8.14,91.6,cotton
147.46,34.63,176.95,23.0,74.21,5.4,188.54,banana
100.98,45.21,57.07,30.65,76.72,5.46,273.12,rice
26.64,33.91,60.12,36.62,48.66,5.88,146.93,mango
109.02,69.28,116.63,18.63,58.25,6.59,58.23,potato
138.34,73.28,104.21,23.1,81.16,6.39,166.8,sugarcane
35.69,39.23,21.11,15.29,61.87,8.08,61.03,chickpea
69.94,60.09,75.36,21.39,70.77,6.75,84.25,tomato
22.59,53.19,21.36,19.18,52.33,7.04,51.93,chickpea
149.0,47.11,149.39,21.35,90.79,5.54,155.86,banana
93.43,50.62,39.64,34.0,68.35,7.08,146.83,rice
20.22,53.85,37.21,29.45,62.49,6.41,26.09,chickpea
61.13,37.79,63.12,28.69,68.22,6.42,84.38,tomato
75.39,52.07,76.92,19.87,58.03,6.34,64.54,potato
23.52,61.25,27.76,17.9,60.77,7.4,52.68,chickpea
136.48,44.83,40.31,26.6,67.3,7.7,101.7,cotton
149.88,31.44,155.87,28.05,88.94,5.43,215.61,banana
147.63,41.39,180.35,26.71,86.83,6.08,215.75,banana
115.17,50.79,109.24,22.27,64.8,6.48,52.31,potato
55.91,44.9,62.17,21.65,72.46,6.07,50.58,tomato
103.08,37.03,37.91,33.93,67.34,7.64,121.38,maize
67.25,30.51,51.54,15.59,42.84,7.43,68.45,wheat
96.75,55.36,39.12,24.45,47.73,6.96,77.81,maize
88.38,37.79,58.21,19.11,48.35,7.17,78.3,maize
68.34,40.06,37.85,22.0,66.82,6.44,207.88,coffee
106.52,30.92,35.22,26.14,45.09,8.37,67.43,cotton
64.41,38.29,44.79,31.84,39.16,7.47,114.06,mango
76.91,23.42,40.58,24.27,76.34,6.59,170.9,coffee
88.76,58.76,39.77,37.23,84.31,6.54,145.14,rice
94.73,27.06,40.28,24.45,42.53,7.12,67.35,cotton
63.03,38.95,58.88,25.2,43.99,6.75,127.72,mango
98.67,43.64,37.81,28.47,58.31,6.28,70.5,maize
92.92,42.64,41.85,26.4,71.34,6.62,195.78,coffee
131.92,52.39,86.49,26.4,80.87,7.66,209.78,sugarcane
55.98,41.27,38.7,31.29,86.01,6.41,217.73,jute
118.7,45.24,76.72,36.42,72.8,6.69,182.02,sugarcane
38.1,31.68,46.92,25.03,52.23,7.15,137.18,mango
74.32,38.83,27.7,34.7,75.79,6.16,188.2,jute
37.36,38.05,61.19,31.37,53.21,6.21,64.97,mango
99.43,47.77,74.46,21.9,60.08,5.84,77.74,potato
57.48,30.63,55.35,23.84,58.98,7.06,75.45,mango
124.95,52.58,40.82,33.47,58.71,7.67,95.11,cotton
38.03,56.35,39.25,29.18,33.03,6.13,51.43,chickpea
117.33,36.75,27.98,24.23,40.28,5.46,88.96,cotton
55.82,39.3,40.77,27.17,40.81,5.95,87.07,mango
91.5,70.86,94.71,24.03,69.02,5.34,91.04,potato
91.06,57.96,39.26,16.71,72.94,7.46,119.86,maize
77.02,46.53,51.03,24.35,88.96,6.22,277.38,rice
57.18,19.89,38.05,24.33,78.63,6.3,146.79,coffee
128.7,67.23,62.38,21.8,56.33,6.8,110.31,sugarcane
56.82,48.3,28.51,34.95,68.12,6.02,158.42,jute
66.51,21.17,38.84,25.75,61.84,6.09,157.06,coffee
108.73,40.36,44.15,20.45,74.37,6.59,305.01,rice
101.68,36.19,37.0,27.81,66.13,5.14,113.11,cotton
79.27,38.34,35.44,17.92,48.21,6.94,100.88,wheat
110.41,45.12,58.64,33.44,77.07,5.84,260.59,rice
99.94,46.1,62.31,32.03,59.68,7.46,113.74,sugarcane
98.75,46.35,73.41,20.37,55.48,6.78,34.55,tomato
105.4,43.12,183.98,27.81,70.23,6.55,208.88,banana
100.89,69.4,72.67,26.19,62.93,6.85,176.27,sugarcane
99.14,50.87,45.42,17.82,64.28,5.29,72.5,maize
124.89,49.96,49.84,36.68,76.9,6.05,241.53,rice
99.55,60.22,40.74,34.89,69.5,5.57,231.6,rice
76.96,60.82,45.11,33.78,72.07,5.57,106.76,maize
103.25,51.5,62.6,20.41,48.97,6.66,76.65,maize
115.46,72.39,94.33,15.4,60.52,5.94,68.06,potato
40.34,44.23,17.68,26.16,52.89,7.12,61.85,chickpea
55.83,55.44,105.2,19.85,59.05,6.26,54.3,tomato
39.71,42.24,35.37,25.95,36.99,7.01,34.9,chickpea
76.0,26.66,37.91,18.82,78.04,6.38,259.13,coffee
61.96,35.88,50.72,25.31,53.87,6.74,130.37,mango
38.44,20.86,57.71,23.14,54.54,7.45,112.25,mango
34.0,24.2,48.69,26.97,37.55,6.91,123.56,mango
104.09,54.92,81.89,18.22,60.34,6.86,65.35,tomato
86.37,47.26,45.11,28.97,84.91,7.07,135.87,jute
69.2,52.27,45.41,19.66,45.0,6.36,45.07,wheat
98.21,38.23,39.17,23.0,53.7,5.64,125.35,maize
99.17,54.17,55.88,29.12,50.63,6.12,84.7,tomato
82.64,57.21,84.04,20.62,59.64,5.3,75.76,potato
116.3,41.68,89.71,22.59,73.33,7.32,172.22,sugarcane
28.86,33.87,55.34,24.61,46.5,5.31,118.02,mango
108.33,63.89,96.2,18.45,70.94,4.87,51.93,potato
120.97,55.74,62.04,33.0,89.54,5.5,270.32,rice
93.7,39.4,31.0,33.22,84.25,7.63,203.82,jute
102.09,30.36,48.11,33.8,64.31,8.25,70.09,cotton
72.04,43.39,35.88,32.11,87.16,7.39,158.31,jute
93.93,55.97,51.38,36.0,87.29,6.21,200.89,rice
63.93,38.23,57.67,31.9,62.56,6.35,136.05,mango
105.19,50.26,33.3,35.37,70.59,7.44,158.83,jute
42.21,41.4,43.19,35.53,62.85,5.33,115.56,mango
95.53,45.26,39.03,18.33,76.01,5.31,159.77,rice
105.62,37.84,41.02,24.79,85.04,7.41,238.82,jute
116.57,64.64,85.34,30.75,80.3,7.24,200.15,sugarcane
55.71,22.89,61.46,26.95,39.7,5.82,70.96,mango
89.38,49.39,92.72,18.25,58.61,6.23,57.9,tomato
18.61,46.8,38.07,25.21,62.45,6.81,56.95,chickpea
94.03,62.91,40.97,25.34,59.46,7.28,121.87,maize
96.81,41.62,164.04,32.89,86.64,6.26,160.87,banana
106.62,52.19,53.9,19.4,77.81,5.36,223.83,rice
127.19,33.75,169.33,25.96,77.19,7.01,174.74,banana
127.89,37.03,188.26,30.73,79.55,6.1,180.06,banana
93.2,34.41,35.71,24.24,50.52,7.42,71.52,wheat
108.07,42.46,62.46,17.69,68.56,6.74,70.1,maize
101.79,47.05,118.12,17.88,60.64,5.63,64.1,potato
132.33,52.92,36.04,24.1,53.17,7.91,99.86,cotton
80.44,61.12,47.34,23.62,79.7,6.57,313.85,rice
136.47,34.14,41.28,28.9,59.0,5.31,63.46,cotton
154.82,66.23,76.06,24.23,84.96,6.04,195.45,sugarcane
102.88,50.04,65.47,21.1,57.61,6.0,68.36,tomato
72.08,44.23,44.47,26.48,46.64,6.6,95.29,wheat
27.73,28.06,62.14,23.12,47.88,5.31,78.05,mango
38.49,39.41,30.33,21.85,47.89,8.0,53.14,chickpea
71.63,45.3,32.31,9.57,60.09,7.27,55.49,wheat
85.33,59.54,46.0,32.7,52.39,6.66,92.86,maize
30.33,51.92,40.33,29.71,55.87,5.87,39.43,chickpea
56.19,25.98,49.88,31.99,58.38,5.98,84.15,mango
56.33,46.45,28.87,19.3,56.66,6.48,43.21,wheat
94.96,51.61,55.71,27.67,90.58,6.09,253.68,rice
33.41,36.4,42.2,26.11,44.98,7.4,135.13,mango
38.11,59.28,23.95,28.31,58.6,6.8,66.11,chickpea
118.2,34.77,202.3,26.83,82.97,6.63,218.28,banana
151.64,61.94,70.5,30.29,83.29,6.7,191.57,sugarcane
30.85,56.12,42.08,27.39,49.74,7.22,52.19,chickpea
112.74,56.88,56.83,27.12,78.87,5.74,253.24,rice
58.41,37.45,94.67,23.64,67.35,6.05,55.19,tomato
95.11,45.26,92.71,18.4,61.58,6.27,62.04,tomato
23.33,62.16,26.92,13.51,26.55,7.14,69.65,chickpea
48.02,42.57,39.46,30.18,52.41,6.0,68.33,mango
57.09,50.28,37.76,26.61,84.49,7.18,174.42,jute
53.32,32.06,48.04,36.55,44.55,6.27,151.78,mango
98.43,32.91,52.98,19.27,63.3,6.37,165.92,coffee
96.92,27.57,28.42,25.19,84.04,6.99,177.27,jute
154.79,37.98,187.78,23.45,87.82,6.87,143.38,banana
40.2,33.34,50.15,35.74,47.64,5.41,93.19,mango
57.3,45.4,34.07,26.62,92.83,6.53,201.39,jute
81.89,43.29,39.18,34.9,68.97,7.69,139.35,jute
77.63,54.26,97.24,21.03,70.33,6.26,49.57,potato
49.4,21.71,45.48,25.15,55.11,6.54,135.52,mango
151.33,35.16,197.62,29.39,72.08,5.52,196.35,banana
100.18,21.52,53.25,23.92,73.26,6.47,228.03,coffee
129.89,55.07,86.06,35.27,78.98,6.81,168.87,sugarcane
97.09,20.82,57.0,18.89,70.73,6.21,217.85,coffee
93.8,29.52,50.41,21.9,38.78,7.12,83.56,wheat
138.98,27.58,146.94,30.82,76.79,6.58,201.09,banana
55.03,30.44,41.54,28.07,92.5,7.35,154.08,jute
43.69,42.84,44.19,31.11,50.48,7.39,91.89,mango
62.63,48.31,27.84,15.42,59.64,7.12,77.13,wheat
91.71,50.24,56.28,18.6,71.32,5.99,67.02,tomato
91.26,57.07,104.74,16.74,71.76,6.29,77.58,tomato
105.18,36.15,43.59,16.99,62.65,5.96,69.3,wheat
83.31,62.26,124.62,23.91,57.66,5.31,42.72,potato
147.09,38.56,62.32,25.18,84.01,6.06,198.81,sugarcane
94.09,19.18,52.58,27.65,76.27,6.31,162.12,coffee
81.38,31.42,48.27,19.14,43.85,7.59,49.99,wheat
68.43,48.24,41.51,29.36,74.78,6.37,185.5,jute
92.77,66.75,87.73,23.42,58.98,6.22,95.28,potato
118.17,56.87,72.46,31.85,68.62,6.52,165.21,sugarcane
105.2,51.4,43.6,35.27,39.76,7.15,107.72,cotton
147.48,36.89,83.09,31.82,65.35,7.46,116.24,sugarcane
93.92,50.22,43.97,10.18,44.68,7.56,48.27,wheat
110.13,44.12,45.97,17.54,59.95,5.61,84.7,maize
57.02,26.17,40.26,23.48,58.92,7.22,91.83,mango
115.35,64.6,95.67,34.83,64.14,6.8,114.05,sugarcane
107.22,55.0,55.35,24.15,78.28,5.99,93.18,sugarcane
140.46,50.71,202.25,22.54,72.31,6.75,187.03,banana
85.79,61.57,87.21,20.33,61.46,6.61,90.15,potato
99.36,56.34,98.49,32.36,65.71,6.02,202.09,sugarcane
136.99,36.15,40.97,27.01,35.73,6.99,101.09,cotton
21.79,39.38,21.41,26.29,61.14,8.11,38.32,chickpea
59.03,24.95,44.05,36.61,52.19,5.52,89.64,mango
31.92,58.76,36.99,24.48,35.78,6.95,40.01,chickpea
57.73,56.35,91.79,19.95,56.23,6.88,39.43,tomato
155.55,36.85,158.16,25.74,74.83,6.59,187.48,banana
98.84,28.37,146.69,21.86,88.73,6.34,228.16,banana
122.64,49.16,42.12,25.11,77.25,5.53,159.26,rice
147.49,36.76,93.0,25.2,75.71,6.26,105.2,sugarcane
104.15,32.32,204.18,21.77,83.5,5.39,115.01,banana
24.58,62.47,22.75,19.29,42.25,6.03,42.17,chickpea
73.93,47.09,47.87,9.91,52.83,7.65,68.64,wheat
42.47,45.77,29.55,14.75,45.86,7.26,36.17,chickpea
94.32,28.95,38.2,20.39,46.25,7.26,72.56,cotton
122.6,67.48,89.92,20.33,59.96,7.28,166.31,sugarcane
89.54,65.48,88.7,20.0,70.69,5.26,55.11,potato
132.06,60.0,86.36,24.02,58.32,6.18,105.07,sugarcane
100.88,47.14,107.13,14.91,69.45,5.28,58.0,potato
68.21,29.38,44.32,21.7,71.22,6.55,257.24,coffee
125.41,58.28,56.28,26.89,70.97,7.07,194.07,rice
90.76,25.66,37.21,17.6,69.92,6.08,199.3,coffee
96.5,39.08,203.85,22.57,72.24,6.45,232.38,banana
123.24,33.36,165.23,20.58,76.13,5.51,121.69,banana
66.92,38.26,49.14,22.65,77.03,6.28,166.0,coffee
95.54,50.33,165.98,22.65,72.86,5.94,130.79,banana
58.66,28.95,27.97,30.55,71.04,7.35,251.86,jute
95.41,27.81,46.82,20.29,66.54,6.73,226.2,coffee
104.83,48.11,50.76,35.47,44.23,6.13,62.94,cotton
41.22,42.18,21.67,25.7,53.8,7.52,25.94,chickpea
28.24,28.14,45.92,36.44,54.97,7.08,114.04,mango
127.44,60.4,61.26,28.53,62.68,7.42,193.57,sugarcane
116.92,52.44,102.04,24.18,67.19,5.61,96.51,potato
85.16,47.62,59.19,22.31,68.52,5.82,184.75,rice
37.06,41.58,50.18,27.56,47.51,6.37,148.36,mango
105.74,50.8,98.89,28.34,60.48,6.35,62.75,tomato
103.24,46.02,51.9,24.41,73.96,6.35,65.48,cotton
105.7,39.26,48.89,35.56,47.33,5.63,99.31,cotton
102.32,49.33,77.64,28.68,71.95,6.88,76.58,tomato
99.04,61.94,53.97,27.41,69.88,5.77,184.98,rice
94.28,40.9,95.49,26.81,84.9,7.01,166.06,sugarcane
105.31,38.92,29.41,18.71,40.29,7.24,75.5,wheat
103.87,47.33,167.3,20.96,71.36,6.08,198.33,banana
104.07,59.77,94.66,20.81,60.24,5.09,52.2,potato
75.66,57.05,119.87,15.76,60.67,5.49,60.33,potato
70.08,39.24,45.89,32.02,79.04,6.77,140.62,jute
80.14,62.01,60.62,31.39,73.91,7.16,279.36,rice
67.21,50.06,50.61,36.08,71.71,6.25,216.1,jute
80.3,46.15,38.95,11.95,56.38,6.03,55.41,wheat
65.61,55.11,98.29,24.35,56.21,6.08,40.99,tomato
31.11,22.82,51.59,26.2,53.63,7.0,93.13,mango
23.94,46.66,27.98,25.68,61.6,6.54,46.25,chickpea
54.21,53.29,68.71,22.93,54.74,6.92,46.0,tomato
90.03,60.95,65.73,19.13,65.53,6.4,65.16,tomato
109.8,55.08,76.46,28.38,83.84,6.21,88.6,sugarcane
105.98,60.15,52.67,28.54,56.5,5.62,76.01,maize
120.74,55.87,40.31,28.63,59.59,7.59,113.93,maize
101.16,42.57,40.63,21.43,75.95,5.46,312.23,rice
89.7,40.71,44.92,27.49,65.09,6.45,242.65,coffee
68.54,27.83,42.97,15.04,53.93,5.99,43.4,wheat
135.44,74.08,88.81,27.99,73.18,6.51,162.97,sugarcane
63.42,37.19,42.64,23.96,42.44,6.3,86.83,mango
105.76,41.79,151.25,30.85,82.18,6.21,112.11,banana
39.78,43.99,18.82,23.19,29.68,6.42,47.83,chickpea
105.62,61.94,50.22,29.23,65.34,5.81,73.1,maize
89.04,43.7,52.23,25.74,72.69,6.87,295.31,rice
119.86,54.34,49.27,21.75,49.23,5.84,51.87,maize
135.87,64.62,78.55,31.86,72.84,7.17,114.25,sugarcane
62.98,35.71,52.42,34.49,51.14,6.35,82.22,mango
101.08,45.84,58.37,18.77,49.69,6.51,103.41,maize
59.6,61.79,101.12,27.24,70.21,6.03,60.19,tomato
78.52,39.17,54.93,25.93,51.46,6.08,56.04,tomato
84.59,39.9,40.12,34.08,57.72,5.21,125.33,maize
78.62,68.52,123.04,23.67,65.68,4.96,50.71,potato
54.14,34.77,41.43,14.26,44.07,6.67,54.3,wheat
86.56,43.89,46.53,28.96,71.69,6.94,93.68,maize
72.44,46.44,45.25,32.34,76.82,6.94,219.64,jute
85.94,37.57,96.48,26.42,55.01,6.54,65.28,tomato
67.53,30.16,38.01,28.36,74.56,6.53,230.25,coffee
139.27,60.47,94.96,35.24,78.35,5.91,108.81,sugarcane
57.27,32.42,45.21,32.3,89.4,7.25,204.61,jute
19.22,43.03,42.01,29.31,40.39,6.55,47.96,chickpea
101.95,55.71,114.82,21.13,57.22,6.06,43.56,potato
82.89,37.2,63.81,28.61,62.71,6.85,50.13,tomato
110.12,39.06,48.95,33.51,40.42,5.53,79.59,cotton
77.79,42.9,46.3,18.73,79.0,6.31,248.68,coffee
122.04,48.39,53.61,17.8,92.83,5.82,139.6,rice
104.76,17.3,45.5,20.95,64.5,6.73,140.86,coffee
60.64,34.44,47.83,26.27,46.9,6.44,133.35,mango
115.51,61.9,59.76,18.7,67.19,5.58,122.24,maize
94.49,41.82,43.47,35.56,51.64,6.99,83.37,cotton
100.53,41.39,35.95,36.01,59.97,6.82,104.37,cotton
125.86,67.15,114.65,18.22,58.71,6.32,71.32,potato
102.37,40.06,52.25,12.8,50.12,7.45,71.64,wheat
112.01,41.78,41.31,16.72,69.7,7.0,54.12,maize
113.0,46.01,40.22,18.55,87.21,6.23,319.68,rice
124.27,46.03,180.43,23.12,68.46,6.0,113.05,banana
69.21,31.28,37.65,34.96,77.4,5.99,263.01,jute
81.17,44.92,51.38,19.64,88.99,6.48,233.26,rice
77.42,40.72,104.78,16.7,47.26,6.27,66.26,tomato
72.11,54.94,94.33,23.24,71.88,6.84,58.62,tomato
116.13,46.37,198.27,24.93,87.81,5.52,158.99,banana
80.87,41.18,62.95,26.67,75.96,6.43,221.53,coffee
146.18,45.22,142.96,22.89,86.5,6.06,108.41,banana
108.36,40.08,34.65,25.15,53.16,6.77,116.48,cotton
89.27,59.97,82.45,24.91,68.62,5.46,34.4,potato
50.67,38.11,40.34,31.16,57.12,6.01,71.52,mango
92.96,35.67,35.6,10.23,41.91,7.43,71.51,wheat
39.59,21.25,51.34,29.35,59.1,7.1,149.17,mango
92.07,30.45,37.15,24.0,57.17,6.84,169.75,coffee
83.5,71.54,100.35,19.83,82.52,5.49,93.8,potato
137.41,48.81,81.45,30.8,81.69,5.93,87.93,sugarcane
69.85,49.26,54.02,28.47,49.58,6.59,66.7,tomato
121.29,50.02,89.87,17.87,74.77,6.31,94.97,potato
104.13,20.28,48.82,18.57,60.9,6.89,209.38,coffee
142.87,36.43,168.28,30.9,71.68,6.54,145.76,banana
131.03,38.8,184.56,30.33,91.69,5.96,126.2,banana
75.97,41.57,35.91,13.38,43.27,5.94,74.78,wheat
73.59,48.5,30.6,16.1,54.93,7.47,66.52,wheat
43.45,39.95,44.96,31.32,61.01,5.65,141.82,mango
84.2,37.27,27.51,30.74,79.87,6.19,198.76,jute
37.55,40.81,37.91,16.19,63.22,7.48,28.85,chickpea
149.78,37.51,104.61,31.47,65.49,6.17,123.49,sugarcane
128.22,38.1,46.02,20.57,67.87,5.79,113.86,cotton
98.08,62.08,71.07,26.1,54.42,6.52,75.85,tomato
91.88,28.12,27.13,21.98,61.67,7.25,73.16,wheat
112.55,64.41,103.38,23.75,77.39,6.08,75.71,potato
69.44,28.58,36.59,12.71,47.03,6.16,59.52,wheat
149.33,28.27,178.81,28.78,91.24,6.55,118.39,banana
75.18,39.34,55.78,26.76,71.19,6.25,157.2,rice
96.36,65.52,67.96,25.35,59.07,7.41,157.89,sugarcane
108.12,44.52,56.1,28.8,81.32,6.89,266.05,rice
102.25,39.79,40.75,19.49,56.18,5.92,76.02,wheat
61.5,33.51,37.41,35.41,59.29,6.85,115.89,mango
131.09,27.57,144.84,24.51,82.84,7.15,116.8,banana
147.66,49.13,90.89,20.81,83.74,7.63,104.85,sugarcane
57.85,38.62,37.63,9.44,42.78,6.63,90.79,wheat
111.5,40.71,103.98,19.79,73.44,6.31,119.34,sugarcane
123.57,41.25,51.41,21.8,73.58,5.33,150.7,rice
103.39,46.46,49.78,10.41,45.32,6.49,77.42,wheat
139.57,31.23,36.47,34.35,42.94,7.79,57.64,cotton
28.21,37.9,60.99,23.11,40.15,7.03,122.69,mango
39.28,42.64,48.2,25.64,51.81,6.25,69.11,mango
116.27,59.91,51.22,30.82,60.29,6.43,118.5,maize
121.68,45.36,52.81,26.82,77.41,6.31,164.01,rice
125.2,46.4,58.14,23.96,87.78,6.45,169.69,rice
115.69,61.3,49.36,27.52,60.39,7.41,84.65,maize
78.81,39.85,37.59,18.83,51.36,7.41,49.56,wheat
102.38,34.85,30.77,35.68,55.51,7.15,75.74,cotton
95.48,40.86,27.07,30.11,79.55,7.03,139.53,jute
100.66,38.01,51.74,20.36,64.75,6.79,142.0,coffee
55.89,41.46,32.62,24.53,53.86,6.59,54.73,wheat
79.88,65.35,118.21,15.41,75.58,5.69,87.94,potato
28.91,29.73,39.42,29.72,55.88,6.81,107.46,mango
146.36,33.14,152.62,24.99,73.6,6.57,135.03,banana
101.47,17.88,50.79,17.35,81.02,6.34,189.4,coffee
112.37,43.0,32.67,30.97,65.41,5.67,55.35,cotton
141.05,47.29,83.2,21.05,82.88,7.37,199.07,sugarcane
117.56,44.39,44.9,34.8,67.62,6.29,217.92,rice
82.96,61.17,38.12,26.19,61.25,5.85,86.32,maize
92.69,52.19,54.65,35.49,77.11,6.91,111.21,sugarcane
119.15,39.85,46.9,25.11,58.24,5.48,62.98,maize
28.69,18.4,37.63,24.54,59.29,7.28,146.19,mango
58.2,35.63,40.86,36.33,57.45,6.69,79.86,mango
109.62,38.21,34.76,32.79,45.07,5.4,79.4,cotton
92.44,62.24,60.22,32.93,72.06,6.19,136.04,rice
37.94,25.31,61.92,25.26,38.63,6.12,76.86,mango
81.29,61.95,52.46,27.58,65.46,7.03,114.95,maize
103.17,57.44,112.31,19.82,82.37,4.88,34.73,potato
83.85,40.38,49.37,22.17,84.42,6.13,289.87,rice
113.52,35.4,192.11,25.02,84.6,6.14,184.01,banana
140.41,34.1,157.78,24.39,89.9,6.05,136.69,banana
106.47,49.37,53.14,23.43,59.22,5.95,85.31,maize
63.98,31.56,48.11,12.91,60.75,6.05,86.55,wheat
38.29,55.56,21.01,13.87,51.0,7.37,41.56,chickpea
103.24,53.98,53.87,30.07,57.8,5.91,52.22,maize
89.25,40.6,31.9,23.26,61.98,7.18,102.16,wheat
125.3,73.27,71.39,35.12,79.64,7.59,203.01,sugarcane
51.41,31.44,49.87,33.27,45.67,6.2,148.15,mango
26.78,52.05,35.47,16.35,62.33,6.63,43.83,chickpea
44.49,30.28,57.11,32.5,60.71,7.72,134.72,mango
138.21,45.01,186.02,27.21,92.14,6.25,213.98,banana
94.29,65.81,60.06,34.15,73.45,5.89,193.32,sugarcane
110.14,63.46,86.19,14.26,68.38,4.79,37.12,potato
141.54,37.1,164.9,25.58,81.54,5.93,194.69,banana
52.49,18.15,58.58,36.1,52.8,7.69,104.02,mango
94.39,48.07,45.5,9.75,49.35,6.95,58.46,wheat
111.21,32.07,33.89,23.87,52.94,6.18,70.13,cotton
89.78,25.02,40.95,18.47,60.31,6.34,135.4,coffee
85.31,38.15,29.17,35.63,75.56,6.39,159.87,jute
94.54,40.09,58.94,21.89,73.89,6.38,150.33,coffee
67.44,44.24,30.09,26.02,60.26,6.14,63.51,wheat
108.43,60.65,98.12,21.95,72.87,5.73,40.73,potato
27.53,28.79,55.0,32.36,41.71,7.43,100.52,mango
94.56,30.2,31.06,34.9,52.07,6.02,80.39,cotton
140.62,31.06,50.65,22.84,74.28,7.09,57.98,cotton
103.84,41.77,49.2,27.74,50.33,7.62,90.45,maize
97.45,42.39,50.62,21.0,69.36,6.23,100.82,maize
75.67,38.21,36.42,29.44,84.42,7.02,181.42,jute
71.27,32.21,60.44,20.27,79.49,6.88,245.17,coffee
140.41,44.98,51.76,24.61,54.46,7.54,68.28,cotton
25.71,29.81,48.02,31.68,44.53,7.47,135.35,mango
92.7,49.2,56.41,29.29,64.45,6.76,56.79,tomato
62.83,32.07,28.51,26.26,47.47,7.4,86.79,wheat
75.04,51.33,100.08,28.37,57.4,6.51,48.52,tomato
17.88,47.38,41.14,19.37,41.62,7.32,61.23,chickpea
102.21,47.94,156.57,21.52,86.49,6.46,156.28,banana
66.95,48.17,95.64,26.85,47.87,6.19,55.99,tomato
123.19,44.83,52.03,31.4,83.88,7.11,156.45,rice
87.78,37.65,27.74,33.82,70.27,6.32,258.08,jute
90.49,61.78,44.56,27.79,73.66,7.1,159.6,rice
93.73,64.8,86.88,19.04,73.77,5.4,94.17,potato
111.76,48.99,54.16,29.44,79.29,7.13,194.33,rice
97.44,56.53,49.08,22.16,53.8,5.92,123.37,maize
130.07,64.92,73.24,34.67,68.37,6.11,160.93,sugarcane
61.26,55.5,65.53,18.03,72.97,6.15,80.59,tomato
88.46,55.28,53.48,36.9,83.13,6.21,275.98,rice
119.05,53.17,104.99,15.49,81.92,5.27,79.73,potato
93.35,37.57,158.58,29.65,67.42,6.18,195.57,banana
137.53,50.7,144.72,28.66,72.67,6.2,160.12,banana
31.48,28.23,48.86,32.84,48.49,6.74,144.92,mango
62.33,57.1,66.64,27.46,62.27,6.29,62.93,tomato
96.84,43.98,40.6,28.62,72.33,5.27,108.75,maize
68.74,23.11,40.47,17.22,82.39,6.44,229.85,coffee
95.5,43.48,39.08,27.09,90.42,7.28,228.35,jute
132.14,32.51,157.14,26.56,76.38,6.59,114.76,banana
51.79,36.42,38.61,36.56,38.41,7.35,135.93,mango
79.98,35.9,50.23,35.61,79.92,6.37,197.74,jute
103.82,42.23,47.32,15.11,37.32,6.77,75.47,wheat
107.59,38.98,43.98,28.17,43.36,5.46,105.92,cotton
48.02,23.75,59.76,22.5,42.91,6.25,120.9,mango
34.94,46.28,18.75,19.86,35.66,6.54,32.16,chickpea
30.37,57.46,34.13,23.21,57.3,5.88,56.19,chickpea
61.75,37.55,40.27,22.8,82.88,7.24,259.29,jute
104.01,57.39,117.34,21.82,57.59,6.29,65.45,potato
151.24,45.9,165.32,26.92,77.14,6.89,129.39,banana
74.49,38.9,95.84,27.46,55.74,6.42,76.09,tomato
139.24,49.93,29.79,29.35,41.57,7.35,112.07,cotton
70.62,34.64,41.13,17.49,53.74,7.63,61.04,wheat
66.91,40.87,37.14,23.74,73.18,6.48,240.95,coffee
83.48,50.31,111.91,22.75,74.48,6.29,77.59,potato
117.49,62.72,51.46,34.11,92.75,5.55,214.91,rice
87.65,61.36,43.27,20.14,88.61,5.57,162.46,rice
72.47,28.14,52.06,23.0,59.81,6.23,183.91,coffee
119.67,45.37,51.86,20.96,48.39,7.12,64.34,maize
105.61,39.69,30.89,25.27,63.48,5.69,90.29,cotton
125.3,55.66,61.73,20.06,89.11,6.52,151.27,rice
102.61,44.12,52.79,23.19,70.82,6.03,94.61,cotton
54.73,51.12,33.88,8.52,39.81,6.24,60.3,wheat
116.61,35.37,42.39,19.36,35.79,7.89,55.52,cotton
117.96,31.49,181.89,24.62,87.06,5.5,177.31,banana
101.62,38.23,34.38,21.06,55.47,5.66,90.88,cotton
81.27,42.2,37.19,33.1,84.29,6.65,279.74,rice
86.68,56.76,110.73,20.17,66.59,5.1,65.36,potato
112.77,60.52,85.96,17.95,76.0,7.21,184.93,sugarcane
18.42,45.17,30.96,18.79,44.09,6.39,30.67,chickpea
66.2,41.26,38.08,23.26,49.71,6.75,106.79,wheat
88.98,56.11,42.26,31.3,89.38,5.53,247.3,rice
57.39,27.78,45.71,24.51,57.99,6.05,162.25,coffee
118.86,37.03,50.21,27.3,75.66,6.12,279.71,rice
82.05,39.52,41.86,8.71,47.51,6.91,80.54,wheat
22.75,54.76,40.91,18.11,38.04,7.92,65.4,chickpea
98.12,32.92,28.31,24.66,44.95,6.98,91.9,wheat
96.76,43.85,47.33,16.1,53.59,7.44,83.52,wheat
38.84,52.29,42.11,25.21,51.9,6.64,24.85,chickpea
49.27,30.01,61.08,24.81,38.94,7.58,151.77,mango
61.51,24.0,62.6,29.23,65.4,6.13,164.84,coffee
97.35,36.11,31.58,30.95,69.78,6.11,74.14,cotton
41.32,47.44,29.17,21.98,35.85,8.21,66.22,chickpea
48.99,32.02,38.29,23.2,55.91,5.47,87.33,mango
98.35,54.42,69.0,29.18,61.85,6.42,54.98,tomato
94.54,22.5,51.71,28.41,73.88,6.07,238.57,coffee
59.58,33.15,40.72,9.06,61.22,6.02,55.37,wheat
121.23,60.14,54.67,20.28,57.92,5.75,61.03,maize
74.55,46.42,36.66,11.43,42.08,6.57,73.66,wheat
133.33,35.36,42.31,28.29,69.72,5.52,59.93,cotton
32.28,20.83,40.01,31.7,40.55,5.42,101.05,mango
70.81,29.24,54.07,26.75,64.98,6.64,172.19,coffee
70.09,41.3,73.42,22.75,65.74,6.62,44.54,tomato
121.16,51.91,52.06,18.94,72.35,5.86,107.53,maize
87.51,28.72,61.09,29.27,77.13,6.83,152.75,coffee
94.73,35.7,30.97,22.88,69.54,7.09,63.97,cotton
67.73,53.03,79.26,17.95,67.4,6.32,65.76,tomato
82.14,31.27,39.77,28.94,81.19,5.99,154.96,jute
105.27,52.56,85.59,28.97,68.63,6.73,51.65,tomato
26.43,37.51,18.54,19.0,43.52,6.13,33.36,chickpea
83.0,25.25,59.9,24.85,75.73,6.56,228.77,coffee
108.13,37.94,37.14,18.76,82.75,6.84,174.02,rice
62.39,19.65,59.88,33.79,47.91,5.6,78.95,mango
106.34,59.31,37.12,27.79,84.61,5.33,205.76,rice
117.65,29.16,42.06,26.34,67.13,6.23,109.37,cotton
99.24,49.06,89.54,29.01,54.78,6.67,35.18,tomato
65.42,33.45,47.15,26.17,57.64,6.32,219.72,coffee
85.97,37.85,41.87,10.74,56.23,5.92,89.94,wheat
81.4,53.97,91.29,21.29,54.69,6.07,63.01,tomato
59.03,33.05,48.75,10.59,42.89,6.84,56.48,wheat
103.74,45.2,58.31,23.26,52.92,6.66,68.18,tomato
66.98,52.46,57.19,23.65,62.2,6.18,49.24,tomato
116.36,51.71,100.87,21.38,62.82,5.78,74.0,potato
65.32,34.37,53.79,27.68,65.16,6.66,232.76,coffee
95.49,74.21,66.88,23.78,64.35,6.3,156.85,sugarcane
90.72,57.73,118.91,13.91,68.28,6.1,39.68,potato
144.31,33.91,153.5,25.46,75.67,5.64,229.01,banana
86.57,51.8,52.35,34.31,67.12,6.94,248.23,rice
117.87,60.47,62.47,33.39,87.27,6.53,279.4,rice
120.15,47.26,45.3,29.62,82.11,6.07,244.85,rice
94.55,38.6,51.2,19.69,37.91,6.08,55.88,wheat
79.4,51.88,105.95,25.76,69.06,6.24,60.46,tomato
108.21,47.88,57.13,30.84,75.67,7.03,276.19,rice
94.29,48.12,44.28,28.38,68.86,7.2,99.96,maize
96.25,52.89,53.5,25.78,77.63,5.7,242.22,rice
61.39,54.76,60.42,17.13,49.84,6.6,41.24,tomato
50.37,21.64,44.68,26.6,49.56,5.23,86.74,mango
68.42,35.42,48.86,20.39,78.62,5.97,234.63,coffee
55.41,41.48,38.03,25.77,80.53,6.2,208.36,jute
63.34,50.86,91.58,17.72,72.59,6.23,67.41,tomato
95.25,48.22,53.46,35.82,91.25,6.04,191.71,rice
101.55,50.95,48.3,20.32,70.27,7.13,221.5,rice
156.92,40.64,95.39,33.44,77.19,6.32,210.47,sugarcane
120.06,49.43,35.48,21.23,73.81,7.32,107.79,cotton
82.6,43.58,41.17,34.36,82.19,6.71,185.23,rice
78.37,43.34,58.93,30.18,83.88,6.58,276.27,rice
88.69,52.93,99.11,18.75,67.79,6.35,56.29,tomato
93.82,35.33,59.98,28.1,64.24,6.55,264.89,coffee
145.93,34.66,31.78,24.03,52.09,5.94,75.05,cotton
80.65,46.07,55.15,19.93,55.44,5.26,62.97,maize
27.98,45.04,34.6,15.35,34.58,7.55,31.86,chickpea
136.09,27.48,201.33,28.5,77.95,6.12,203.54,banana
134.89,51.01,95.69,36.03,87.35,6.6,119.36,sugarcane
94.06,39.75,52.09,17.97,64.9,6.77,180.18,coffee
77.51,38.37,37.01,26.26,87.14,5.34,254.69,rice
100.06,32.61,40.81,22.95,43.39,6.22,44.27,wheat
91.52,67.19,78.97,22.31,64.34,5.04,76.58,potato
91.23,48.81,41.95,19.41,61.09,5.54,104.73,maize
36.69,18.61,40.55,30.38,54.78,5.33,81.84,mango
135.1,68.81,94.71,34.47,80.95,7.15,86.32,sugarcane
103.66,51.84,111.6,14.51,72.37,5.63,48.77,potato
51.04,35.08,44.43,29.07,41.72,5.84,72.51,mango
93.0,38.75,42.25,18.09,78.79,6.51,194.44,rice
43.4,30.87,45.67,25.95,40.65,7.04,80.16,mango
135.97,45.74,90.99,18.69,74.54,6.54,188.61,sugarcane
109.69,52.77,51.43,21.19,51.69,7.23,100.18,cotton
33.37,31.23,57.04,35.79,45.82,7.0,133.6,mango
149.11,44.25,170.84,28.94,91.31,5.47,136.68,banana
114.95,41.81,51.62,19.74,83.98,7.14,227.48,rice
83.58,53.52,46.87,32.72,66.88,6.36,109.46,maize
74.76,58.51,59.27,25.01,70.99,6.45,150.84,rice
116.72,48.5,56.59,18.36,71.04,6.45,71.26,maize
102.04,43.53,156.52,32.57,90.94,7.12,143.08,banana
46.22,34.07,38.05,35.94,61.87,5.92,125.01,mango
82.03,65.96,107.43,14.47,59.99,6.01,69.62,potato
99.94,50.9,78.27,20.41,69.61,6.64,99.18,sugarcane
98.77,51.61,99.37,14.85,79.69,5.87,58.79,potato
100.95,42.92,50.89,30.43,88.35,7.18,203.26,jute
88.81,24.55,58.85,22.71,74.4,6.8,223.77,coffee
65.06,37.68,51.91,28.94,75.51,6.51,242.79,coffee
112.61,47.17,45.07,31.02,67.85,6.03,74.58,cotton
125.57,48.52,62.79,22.83,85.89,6.38,211.72,sugarcane
80.17,52.76,27.32,18.6,50.32,7.35,65.59,wheat
78.12,34.53,47.7,25.45,57.87,6.29,60.32,wheat
79.21,22.82,53.86,17.47,59.7,6.17,236.07,coffee
97.31,34.88,38.44,26.97,62.61,7.54,94.4,wheat
103.64,47.35,98.2,23.52,81.13,5.44,74.26,potato
50.4,27.22,39.39,22.4,39.06,6.56,86.26,mango
88.21,38.31,52.46,23.5,84.25,6.91,131.04,rice
88.03,52.54,48.49,20.35,69.95,6.17,85.79,maize
106.79,42.91,50.43,29.22,43.06,6.25,90.87,cotton
103.84,45.46,43.52,22.26,50.82,6.7,71.72,wheat
88.43,36.11,37.35,22.06,65.26,6.77,259.0,coffee
61.09,54.84,76.4,28.65,72.09,6.68,46.61,tomato
105.1,30.74,39.79,35.16,84.55,6.62,202.17,jute
104.7,47.32,44.15,35.04,71.88,5.44,194.18,rice
64.82,45.42,29.21,26.1,71.0,7.19,210.26,jute
95.79,62.12,52.5,35.94,87.91,6.19,280.53,rice
98.89,25.74,48.95,24.77,65.17,6.07,260.6,coffee
80.9,41.94,48.03,22.03,68.99,6.17,156.03,coffee
117.84,38.48,57.2,22.75,54.89,5.65,128.69,maize
103.68,42.19,63.63,28.07,70.18,6.4,40.54,tomato
104.63,45.88,32.12,24.2,55.26,6.71,91.56,cotton
61.45,23.08,59.73,29.55,49.01,6.81,84.72,mango
89.5,34.41,51.27,35.55,86.23,6.69,141.13,jute
114.25,48.41,59.32,31.35,69.45,7.18,275.92,rice
127.38,37.03,193.86,33.38,80.69,6.16,149.59,banana
29.04,46.7,34.32,20.4,55.89,6.81,35.48,chickpea
20.13,37.73,26.04,22.61,39.21,8.15,36.34,chickpea
55.0,20.33,56.91,25.32,49.71,5.66,137.24,mango
118.3,50.12,60.65,29.2,89.11,5.94,224.77,rice
76.62,49.95,105.34,19.56,47.51,6.0,46.71,tomato
43.79,21.16,41.64,30.98,56.53,6.85,95.86,mango
111.85,33.15,50.64,32.48,62.09,5.29,61.03,cotton
109.44,33.03,154.0,29.46,78.68,6.03,131.53,banana
63.89,25.16,61.34,24.28,71.01,6.83,248.65,coffee
27.21,61.19,36.0,18.95,63.25,6.81,37.34,chickpea
95.75,55.66,88.48,25.7,66.23,6.63,72.38,tomato
123.22,37.08,52.44,27.34,52.42,6.46,72.79,cotton
68.24,30.02,54.6,18.69,78.21,6.2,147.13,coffee
104.9,41.95,53.48,28.13,68.65,6.7,259.19,coffee
124.14,53.17,44.22,24.11,68.72,6.94,94.73,maize
98.08,59.27,61.43,27.37,64.04,5.88,95.4,sugarcane
116.25,56.15,42.77,24.11,59.03,7.35,104.34,maize
67.27,40.29,51.66,15.19,59.77,7.7,99.37,wheat
86.32,35.99,57.64,28.35,59.09,6.47,232.34,coffee
130.94,51.99,165.25,20.53,87.31,6.89,112.63,banana
97.67,50.42,45.13,18.74,69.9,6.02,139.3,rice
26.87,35.75,59.04,29.71,51.04,6.08,87.0,mango
101.72,48.6,29.86,26.68,73.78,7.44,165.32,jute
106.29,40.02,41.05,28.95,63.37,6.02,95.72,cotton
131.69,30.51,178.26,24.0,85.08,5.33,165.97,banana
122.72,69.28,66.67,32.13,84.82,7.36,190.53,sugarcane
81.06,62.81,114.4,23.78,63.4,5.02,83.27,potato
76.09,42.25,40.25,27.59,86.37,6.5,293.47,rice
110.16,59.9,106.51,17.34,60.79,5.62,93.86,potato
137.63,44.89,94.19,23.34,76.43,7.33,135.12,sugarcane
125.01,49.64,196.76,20.63,77.64,6.89,105.03,banana
94.29,49.12,107.7,22.21,61.53,6.13,44.14,potato
85.9,50.13,50.62,23.18,48.98,5.93,43.53,wheat
83.22,54.63,59.0,18.53,78.69,7.02,273.68,rice
24.64,54.81,35.88,27.32,37.98,7.63,29.6,chickpea
96.6,39.81,47.1,13.04,49.85,6.16,98.46,wheat
116.23,44.54,143.4,31.86,69.66,7.22,186.65,banana
18.44,45.82,20.52,21.15,34.56,8.18,50.2,chickpea
70.26,27.15,43.83,26.49,73.5,7.68,157.65,jute
84.31,24.35,60.74,24.47,66.35,6.9,258.92,coffee
119.11,66.43,95.33,22.39,57.18,5.45,61.12,potato
83.58,69.93,123.75,16.61,62.38,5.19,57.68,potato
76.46,28.48,40.98,20.46,78.18,6.7,191.61,coffee
40.11,19.44,52.39,31.96,57.59,6.89,102.4,mango
113.78,53.5,51.39,28.65,74.9,5.34,212.66,rice
77.31,58.5,53.63,29.28,65.5,7.43,65.34,maize
138.65,33.32,36.38,31.91,41.69,5.64,84.11,cotton
97.79,35.59,44.84,24.45,39.02,7.27,62.5,wheat
120.16,74.13,90.75,24.75,68.32,6.62,89.77,sugarcane
35.16,26.14,45.71,29.67,59.35,5.59,96.97,mango
75.34,31.37,46.26,23.05,40.55,6.54,100.54,wheat
126.01,28.29,152.69,24.02,70.32,7.1,142.48,banana
90.2,49.61,50.44,34.38,80.8,7.31,255.43,jute
76.44,47.86,74.1,29.03,50.05,6.79,51.01,tomato
113.83,72.27,80.41,26.96,67.57,7.02,152.61,sugarcane
154.51,69.28,74.88,29.59,88.48,6.88,99.95,sugarcane
115.99,38.09,32.04,30.74,58.32,5.63,110.07,cotton
57.45,33.05,50.47,27.41,38.95,7.78,80.79,mango
88.26,58.11,56.76,28.56,50.61,7.3,103.82,maize
39.4,30.49,56.86,23.13,38.87,6.18,85.54,mango
110.1,67.65,106.65,24.69,77.87,5.56,94.3,potato
33.26,51.86,31.03,19.67,35.43,7.66,47.94,chickpea
103.34,56.23,85.51,20.82,61.28,7.44,125.48,sugarcane
116.12,54.72,44.23,33.36,65.39,7.77,126.76,maize
96.44,31.53,28.26,22.4,35.67,6.76,86.84,cotton
76.26,41.72,43.16,22.61,81.85,6.09,137.1,rice
133.18,49.45,57.57,34.45,62.49,5.84,159.45,sugarcane
133.87,28.4,40.16,30.23,47.47,6.53,88.53,cotton
116.53,57.6,49.77,28.72,49.03,7.17,126.02,maize
111.05,69.88,109.41,21.67,70.0,6.02,51.63,potato
124.37,61.91,85.3,25.34,61.54,5.43,43.68,potato
112.9,30.89,42.52,29.87,48.77,7.92,107.45,cotton
66.09,40.26,47.32,24.21,65.53,6.43,141.41,coffee
95.93,37.99,156.98,23.09,84.03,5.3,230.98,banana
143.11,29.73,168.39,31.35,77.51,5.85,228.27,banana
91.99,65.91,102.13,19.84,62.08,6.12,57.98,potato
23.26,56.86,35.46,18.64,49.9,6.21,36.75,chickpea
35.61,44.15,22.09,16.66,33.23,7.06,30.92,chickpea
55.64,30.75,42.97,12.28,54.32,6.46,100.13,wheat
108.23,31.1,34.97,19.54,46.47,7.27,61.75,cotton
95.2,43.9,91.7,18.71,54.4,6.2,85.81,tomato
82.04,28.98,61.77,17.65,72.0,6.63,151.59,coffee
79.93,27.88,44.76,26.28,58.56,6.32,45.97,wheat
117.97,49.09,84.32,26.81,88.01,6.78,135.07,sugarcane
94.02,36.11,36.52,34.99,71.09,7.99,61.81,cotton
137.42,50.29,39.57,35.18,46.3,7.26,58.22,cotton
79.04,47.5,78.29,17.92,82.35,5.84,81.56,potato
42.67,59.86,22.12,26.35,48.94,7.09,48.13,chickpea
116.86,48.25,91.15,29.1,76.78,6.86,185.45,sugarcane
92.34,55.73,52.05,24.85,59.66,7.71,109.99,maize
133.99,40.15,50.73,30.62,69.96,5.89,84.79,cotton
104.6,29.42,47.19,29.23,77.89,5.82,229.61,jute
100.86,46.75,29.34,32.39,92.67,6.5,249.6,jute
111.53,61.16,114.44,14.91,60.07,6.06,77.57,potato
89.42,41.65,87.53,22.56,68.83,6.38,82.35,tomato
103.88,34.71,163.44,24.82,86.77,5.35,130.55,banana
72.19,23.54,53.8,22.65,77.55,6.41,137.0,coffee
95.88,42.58,101.1,25.69,48.42,6.71,60.33,tomato
79.27,71.29,107.92,14.76,77.49,5.49,48.42,potato
69.81,40.49,28.98,36.1,79.77,6.15,170.21,jute
103.51,27.76,31.89,31.17,87.62,7.5,174.07,jute
59.76,55.45,97.7,17.87,50.27,6.17,34.62,tomato
55.95,61.2,95.09,29.27,70.66,6.21,69.96,tomato
65.95,50.55,98.2,21.41,48.57,6.18,46.58,tomato
113.76,45.01,200.54,30.5,75.91,6.65,131.91,banana
111.58,57.76,115.03,23.35,60.57,5.24,50.05,potato
56.63,17.86,41.26,27.25,43.65,6.2,156.56,mango
94.72,57.96,115.49,25.17,71.69,4.93,39.19,potato
90.65,46.76,50.38,36.14,69.14,7.72,226.39,jute
90.1,29.82,47.83,31.29,69.62,6.33,152.83,jute
124.94,50.11,91.88,16.08,61.86,5.73,69.15,potato
119.51,66.24,61.73,26.72,88.42,6.76,149.78,sugarcane
121.17,38.16,43.05,23.45,79.75,6.42,223.69,rice
24.81,46.64,27.34,18.71,50.36,8.2,44.25,chickpea
148.02,37.59,96.83,19.65,58.31,7.25,154.72,sugarcane
42.32,36.71,59.05,25.2,39.12,6.22,115.83,mango
118.88,40.65,47.17,36.69,52.83,6.24,76.78,cotton
64.61,37.26,55.22,18.86,78.65,6.36,205.7,coffee
99.69,32.7,154.87,24.81,71.17,5.95,136.62,banana
97.0,44.85,60.88,32.99,69.88,7.22,298.94,rice
93.31,47.53,56.76,32.81,72.38,7.11,151.03,rice
27.36,60.3,41.1,29.49,55.46,6.23,67.75,chickpea
157.0,62.98,56.63,26.5,61.83,6.01,161.32,sugarcane
121.23,53.91,73.45,29.18,85.98,6.41,160.3,sugarcane
151.71,64.54,102.45,26.91,69.68,6.47,165.12,sugarcane
65.16,40.36,102.14,18.61,69.86,6.56,64.0,tomato
103.87,30.94,163.14,27.96,84.72,5.3,206.14,banana
93.86,37.46,83.32,18.75,54.26,5.92,42.81,tomato
102.95,47.16,74.95,22.75,61.21,5.94,76.77,potato
117.56,49.59,38.27,16.2,59.31,5.63,106.0,maize
63.25,48.98,45.33,27.09,73.18,6.02,149.63,jute
93.38,48.53,45.68,19.18,45.38,7.13,104.7,wheat
74.17,48.12,45.45,16.88,60.2,6.22,53.58,wheat
30.9,37.57,30.1,22.27,54.18,7.39,41.06,chickpea
78.96,50.96,97.29,15.82,76.13,4.89,68.23,potato
123.84,45.07,100.02,20.45,58.02,7.15,143.93,sugarcane
126.26,70.88,88.3,25.47,69.7,6.96,183.84,sugarcane
75.79,40.02,37.56,26.32,76.6,7.03,250.87,jute
118.04,47.57,59.07,25.12,52.8,7.65,72.45,maize
46.17,32.02,55.18,31.48,37.21,6.84,95.18,mango
71.81,41.06,40.18,18.69,68.28,6.18,215.05,coffee
76.39,37.06,27.93,28.22,75.98,5.78,245.13,jute
86.46,39.04,55.24,17.83,66.54,6.45,233.11,coffee
122.2,31.28,198.04,32.76,69.59,6.74,132.95,banana
102.34,44.18,46.63,19.58,57.1,7.0,72.22,cotton
75.38,38.29,52.64,27.23,73.76,6.09,275.29,rice
104.66,47.85,95.98,23.34,52.82,6.48,45.34,tomato
28.9,61.21,22.44,25.14,63.64,7.13,56.24,chickpea
88.81,40.99,40.0,18.16,68.44,5.62,137.91,rice
71.44,57.27,59.5,27.64,66.95,6.78,80.54,tomato
138.46,45.3,36.24,29.74,44.22,5.67,83.12,cotton
122.08,58.39,37.96,25.02,68.27,5.49,259.18,rice
116.8,41.37,40.82,34.54,88.4,6.33,287.24,rice
114.77,57.93,115.53,24.62,61.48,6.27,52.51,potato
113.16,45.05,54.28,28.18,60.04,6.34,168.35,sugarcane
100.89,30.08,175.02,25.1,73.1,7.14,165.24,banana
82.83,22.59,61.09,27.2,63.9,6.88,169.81,coffee
101.98,32.2,35.14,35.01,79.01,6.39,139.85,jute
22.78,50.73,18.06,16.67,55.21,7.76,60.08,chickpea
38.29,61.43,21.5,20.87,29.48,6.58,27.71,chickpea
121.19,69.68,77.35,22.51,80.96,5.99,71.56,potato
129.18,35.09,142.74,33.47,73.24,7.17,189.89,banana
122.99,53.52,115.65,21.46,70.85,5.04,45.8,potato
113.62,40.65,44.98,24.01,55.38,6.21,114.97,maize
42.25,29.32,38.8,24.47,61.32,5.38,121.29,mango
105.72,40.36,58.23,28.95,66.72,6.22,117.63,maize
106.42,42.14,165.55,28.78,81.24,5.63,200.52,banana
87.76,49.24,118.0,13.74,75.98,6.7,63.83,potato
86.99,53.54,57.75,29.1,70.21,6.45,50.09,tomato
46.2,38.31,58.14,27.92,57.32,5.74,112.81,mango
67.69,37.88,36.53,17.92,49.02,6.41,62.36,wheat
68.79,32.7,57.82,17.67,81.93,6.81,260.19,coffee
40.89,59.63,24.95,20.29,26.93,7.11,27.63,chickpea
105.17,59.74,42.11,23.8,87.21,7.17,225.14,rice
78.18,53.17,67.49,19.75,72.72,6.78,72.36,tomato
79.49,63.05,93.02,24.97,67.8,5.04,86.71,potato
131.31,41.34,179.75,26.66,86.3,7.21,140.85,banana
128.86,30.88,51.17,25.52,39.45,5.69,113.13,cotton
100.65,51.57,98.29,22.53,64.93,7.35,120.53,sugarcane
100.29,43.57,71.0,20.47,61.67,6.31,39.61,tomato
83.17,41.56,58.4,25.52,92.75,5.54,254.94,rice
73.84,36.1,40.13,35.99,83.01,6.39,257.4,jute
63.11,20.07,58.75,35.34,58.39,7.3,98.98,mango
28.0,49.91,31.73,14.88,37.69,6.15,42.31,chickpea
61.62,51.54,63.53,20.48,71.44,6.78,39.29,tomato
124.36,64.66,113.13,21.56,61.67,5.65,84.38,potato
102.15,32.98,194.15,28.6,86.78,5.47,164.55,banana
103.77,69.72,68.34,20.25,87.98,6.17,102.76,sugarcane
90.76,37.18,52.5,20.71,51.88,5.31,79.42,maize
113.34,55.39,76.62,31.07,60.71,6.62,200.92,sugarcane
42.3,62.92,34.41,20.68,58.68,5.76,62.72,chickpea
34.14,39.73,17.7,18.45,32.98,8.27,38.54,chickpea
100.97,45.36,58.52,29.93,60.01,7.2,71.89,maize
118.92,28.62,33.71,33.53,64.82,7.97,91.64,cotton
114.66,43.2,51.0,36.86,60.92,7.4,73.42,cotton
66.79,45.98,46.62,9.66,49.17,6.17,54.55,wheat
122.73,28.09,38.43,22.79,71.25,8.3,71.98,cotton
57.91,42.15,29.67,35.93,83.81,6.86,160.72,jute
22.7,49.06,36.56,15.07,52.48,7.44,41.62,chickpea
23.88,62.75,18.16,27.57,28.52,7.08,45.32,chickpea
67.48,37.19,59.76,28.43,81.26,6.82,218.06,coffee
141.37,31.08,202.94,23.17,89.78,6.22,214.28,banana
70.2,41.61,37.91,29.25,78.73,6.1,212.94,coffee
125.37,64.47,100.4,22.56,86.25,6.79,118.65,sugarcane
117.87,63.98,100.19,18.21,70.08,5.79,55.95,potato
31.0,56.01,37.98,14.97,50.97,6.95,50.8,chickpea
60.35,18.57,47.17,23.12,62.97,7.58,120.77,mango
91.2,61.19,38.26,26.74,85.5,5.57,136.74,rice
17.25,48.29,19.33,19.1,34.23,8.08,64.79,chickpea
76.85,40.62,49.83,27.76,49.27,6.35,96.34,maize
27.21,62.08,34.94,23.06,46.55,5.9,65.4,chickpea
27.77,58.11,25.08,26.29,38.29,8.09,36.94,chickpea
62.62,46.44,77.03,25.2,70.42,6.45,69.17,tomato
81.71,61.04,65.15,28.57,47.81,6.68,81.82,tomato
82.33,37.93,98.09,17.59,48.22,6.17,58.74,tomato
151.52,54.61,96.56,22.15,67.69,5.92,139.7,sugarcane
138.0,61.91,57.14,34.93,75.08,7.32,119.18,sugarcane
33.7,49.69,20.44,28.29,46.83,6.44,64.7,chickpea
152.87,31.26,154.43,28.25,74.02,5.64,117.31,banana
135.34,38.22,158.63,31.51,79.89,7.21,208.14,banana
77.43,21.68,56.36,25.57,70.84,6.04,207.39,coffee
132.99,59.33,97.67,20.4,62.58,6.72,90.74,sugarcane
97.83,40.35,40.96,30.08,77.22,7.07,189.74,rice
82.55,44.32,29.85,26.01,85.75,7.32,263.16,jute
60.44,41.63,58.19,19.26,61.3,6.85,155.24,coffee
115.06,53.27,77.81,18.64,70.23,7.03,155.99,sugarcane
72.81,47.02,81.04,17.89,58.05,6.56,59.91,tomato
55.88,43.61,90.31,21.19,51.12,5.99,38.94,tomato
105.82,48.91,43.16,29.15,47.94,8.15,74.03,cotton
116.75,50.91,48.84,34.9,60.05,7.19,92.1,cotton
61.94,37.52,43.77,25.94,85.24,6.23,162.19,jute
74.23,50.19,61.36,20.58,59.78,5.65,55.5,maize
75.44,46.75,33.0,25.41,50.01,7.25,97.73,wheat
92.98,61.92,62.88,32.81,75.08,6.62,265.05,rice
91.2,66.35,103.09,20.58,69.41,5.95,41.32,potato
83.71,61.38,44.85,20.54,65.49,6.91,86.2,maize
103.13,38.58,44.56,24.15,62.77,6.09,94.47,wheat
56.45,24.89,58.74,28.86,78.62,6.29,142.35,coffee
84.17,54.67,42.57,19.68,72.38,6.1,161.85,rice
33.8,62.58,34.86,14.39,60.91,7.37,45.51,chickpea
69.7,33.63,52.31,23.58,71.18,6.63,237.4,jute
127.42,28.67,154.02,22.44,67.73,6.68,147.31,banana
75.07,56.45,107.26,19.75,74.54,6.09,41.61,potato
102.07,33.38,184.81,29.97,68.34,5.52,163.0,banana
86.94,37.5,47.51,25.66,58.95,7.7,106.13,maize
118.17,38.49,57.83,35.84,87.07,6.64,290.91,rice
108.53,64.6,112.55,15.13,78.28,6.12,34.48,potato
114.8,37.56,164.59,32.35,70.4,6.39,124.25,banana
120.43,73.2,104.95,20.27,68.2,6.95,96.03,sugarcane
102.54,51.16,71.29,34.72,72.07,6.22,122.54,sugarcane
86.59,46.43,50.26,13.07,39.88,7.64,52.54,wheat
64.47,51.17,27.46,25.79,61.75,5.8,92.1,wheat
71.94,55.5,60.34,25.92,67.16,6.54,46.7,tomato
60.77,29.4,45.96,29.66,42.06,6.83,138.83,mango
115.78,67.61,108.57,24.11,78.79,5.03,94.68,potato
143.07,46.99,180.46,32.72,82.18,6.29,140.58,banana
97.6,43.44,43.15,32.3,88.23,5.48,140.48,rice
75.51,49.75,46.75,29.78,79.18,7.65,259.34,jute
122.45,57.51,120.16,20.73,70.7,5.09,91.93,potato
127.72,28.38,35.85,31.45,42.36,5.84,65.54,cotton
60.53,30.87,51.35,32.13,68.31,7.69,240.02,jute
65.81,29.17,29.65,36.07,87.5,6.25,203.79,jute
80.32,21.6,53.73,26.8,71.79,6.75,182.56,coffee
150.73,62.88,105.51,31.85,67.28,6.95,95.37,sugarcane
93.72,51.12,101.27,26.94,48.07,6.79,84.37,tomato
23.79,57.59,22.12,17.14,58.32,7.63,52.64,chickpea
32.47,24.82,39.82,25.05,61.39,6.93,153.56,mango
113.05,46.4,30.23,24.94,63.44,7.16,106.92,cotton
104.9,59.83,46.74,19.72,88.09,6.21,237.56,rice
152.08,58.87,74.2,27.63,66.46,7.44,159.75,sugarcane
102.78,55.2,53.84,22.96,61.43,5.44,63.04,maize
111.9,50.94,205.12,23.47,89.89,5.55,204.0,banana
100.35,42.32,81.77,24.23,48.06,5.98,84.53,tomato
111.5,47.91,33.74,29.91,51.49,6.15,112.05,cotton
98.5,43.49,49.46,19.65,41.17,5.6,91.65,cotton
91.14,36.17,38.44,32.62,72.91,6.8,162.31,jute
103.13,18.2,48.69,21.2,59.77,6.87,259.99,coffee
129.85,43.73,48.53,34.59,57.47,6.08,53.98,cotton
96.03,24.65,52.12,18.06,76.61,6.04,247.69,coffee
76.34,51.98,105.63,13.86,64.46,4.89,58.74,potato
102.52,42.77,37.63,33.03,49.82,5.53,62.43,maize
29.93,54.5,26.73,19.28,26.74,6.8,43.33,chickpea
99.75,40.69,84.38,21.42,54.85,6.58,83.9,tomato
58.53,26.44,55.09,30.78,46.03,5.92,127.39,mango
63.35,39.67,64.19,26.84,54.61,6.67,83.34,tomato
94.94,63.11,82.55,31.87,59.1,7.72,214.27,sugarcane
80.13,17.98,39.26,16.78,64.64,5.94,190.01,coffee
109.67,30.85,168.13,31.84,76.02,5.57,172.94,banana
107.45,48.31,27.08,30.18,71.96,7.69,107.99,cotton
111.71,55.41,56.2,23.93,90.14,6.43,152.08,rice
110.86,62.98,37.19,18.83,64.53,5.36,97.0,maize
97.04,32.05,43.73,28.8,69.72,6.02,171.6,jute
28.05,40.35,44.82,30.89,44.47,6.89,82.52,mango
96.46,61.06,80.26,26.58,79.63,7.25,195.01,sugarcane
122.95,33.65,52.38,19.5,64.06,7.64,56.87,cotton
92.55,36.48,48.08,34.13,81.72,6.2,261.13,jute
98.18,62.43,47.7,33.23,69.21,6.36,283.9,rice
108.09,50.86,88.09,34.05,78.76,6.93,104.2,sugarcane
115.67,28.34,51.26,26.43,66.07,6.48,113.43,cotton
94.68,32.57,51.64,29.68,87.36,7.39,197.25,jute
139.51,48.46,49.35,25.85,65.0,7.0,99.28,cotton
109.17,56.4,42.42,24.97,62.29,5.21,117.77,maize
81.35,72.0,116.1,24.86,62.66,4.81,60.92,potato
100.73,50.01,146.53,25.88,83.42,6.0,174.5,banana
76.34,69.26,76.41,17.32,81.07,6.63,96.97,potato
31.55,18.97,58.31,30.29,61.63,7.15,138.7,mango
108.42,51.48,57.38,30.7,77.57,6.86,160.06,rice
100.15,28.27,46.61,14.67,53.86,6.78,59.38,wheat
105.34,30.92,29.3,20.9,45.83,5.91,73.39,wheat
88.03,39.46,44.7,28.59,70.58,7.7,228.65,jute
18.0,60.56,41.77,13.11,33.8,6.17,60.3,chickpea
108.32,27.67,179.31,25.72,81.34,5.87,227.39,banana
19.85,47.41,36.07,15.82,47.59,7.45,40.89,chickpea
80.8,42.86,60.88,28.94,64.05,6.72,70.24,tomato
54.18,20.12,54.37,24.9,40.08,5.62,113.32,mango
130.54,38.06,191.75,25.7,78.78,6.46,233.29,banana
102.64,34.88,48.52,31.36,69.61,6.95,261.89,jute
99.99,46.65,52.38,22.59,83.11,6.0,253.35,jute
78.76,60.34,56.29,20.92,56.14,6.23,59.36,tomato
124.87,34.78,44.74,32.37,48.46,7.81,57.29,cotton
67.97,18.11,51.62,19.42,68.94,6.71,237.9,coffee
143.33,34.91,180.13,32.55,83.25,6.66,218.88,banana
77.46,42.72,81.64,24.02,55.78,6.16,41.85,tomato
62.28,52.01,32.82,28.16,71.95,7.15,191.7,jute
64.84,27.04,45.38,31.83,84.3,6.63,218.11,jute
130.61,37.69,37.46,22.16,51.65,7.68,111.58,cotton
68.99,32.55,59.53,21.24,76.15,6.31,205.6,coffee
58.37,42.07,49.13,35.7,62.95,6.46,134.37,mango
97.39,61.55,70.06,18.03,61.31,6.75,125.35,sugarcane
60.69,38.8,105.66,24.77,53.58,6.35,83.4,tomato
122.51,62.5,38.81,20.44,87.56,5.8,300.05,rice
146.99,38.41,95.66,18.48,57.16,6.67,113.77,sugarcane
102.72,47.65,51.37,23.77,68.49,7.56,123.7,maize
86.34,42.87,43.21,10.38,55.03,7.09,86.87,wheat
48.78,34.91,53.99,30.48,62.12,6.43,147.61,mango
57.45,49.43,48.72,9.48,37.62,5.88,97.99,wheat
61.34,39.92,42.17,31.44,70.78,5.96,168.63,jute
23.23,55.46,36.68,19.68,51.11,7.29,58.41,chickpea
74.21,40.72,43.41,19.52,52.87,6.91,76.55,maize
88.53,66.61,100.92,15.73,71.64,6.62,78.36,potato
18.16,53.68,31.77,18.75,31.25,8.19,51.34,chickpea
107.29,45.76,32.63,33.99,44.05,7.39,103.42,cotton
85.7,29.01,31.68,29.96,85.06,6.78,181.22,jute
97.59,51.22,60.9,31.82,70.82,7.41,126.24,maize
58.48,32.5,40.82,26.03,67.37,7.25,181.51,jute
141.9,38.38,35.94,32.84,64.46,5.93,62.95,cotton
107.59,30.31,185.64,22.24,87.33,5.8,211.41,banana
111.85,66.52,100.35,24.48,82.75,5.48,40.68,potato
117.83,64.05,124.27,17.66,71.34,6.32,47.71,potato
131.37,52.24,90.87,18.67,79.35,6.33,169.72,sugarcane
18.01,40.31,30.0,25.66,43.6,5.74,33.13,chickpea
150.42,38.52,182.0,21.96,69.81,5.41,152.75,banana
30.04,23.43,42.54,32.83,42.6,5.76,66.9,mango
94.25,43.42,59.34,21.31,52.47,6.0,66.85,maize
61.34,28.84,47.16,25.66,42.67,7.11,71.59,mango
79.65,54.48,44.31,30.61,85.9,6.77,148.51,rice
56.65,51.01,49.98,17.93,51.36,6.19,95.76,wheat
57.35,38.96,32.42,36.19,69.81,6.94,197.64,jute
122.55,50.6,80.09,14.46,76.89,6.31,77.7,potato
113.19,72.61,112.79,20.76,76.61,6.06,62.66,potato
26.5,37.5,43.65,32.22,51.12,7.38,157.39,mango
96.05,44.22,46.54,23.02,62.7,5.77,113.73,maize
98.08,33.18,30.92,7.92,38.23,7.26,106.67,wheat
78.76,45.48,43.1,23.06,66.3,6.43,95.52,maize
122.72,51.2,53.03,21.21,48.66,7.12,58.94,maize
64.28,34.57,40.76,24.97,56.77,7.16,53.89,wheat
149.42,46.86,78.07,31.51,84.59,7.06,182.9,sugarcane
107.14,60.64,76.26,23.85,68.87,4.93,82.73,potato
71.89,29.33,59.05,28.34,60.82,6.07,180.09,coffee
42.83,40.01,41.85,26.72,58.22,7.77,34.22,chickpea
128.68,44.63,86.4,36.84,60.23,6.67,149.24,sugarcane
55.96,40.79,61.68,31.36,62.11,7.57,64.0,mango
120.57,54.46,43.18,34.38,76.05,6.94,185.79,rice
39.27,40.65,32.18,19.92,32.15,5.73,37.19,chickpea
41.62,63.0,36.82,14.88,60.56,7.63,39.87,chickpea
35.05,43.6,18.66,19.56,37.87,7.52,62.05,chickpea
62.2,48.03,38.23,35.44,72.03,7.48,241.07,jute
151.57,42.59,159.88,30.99,85.24,7.18,154.04,banana
98.0,49.8,85.97,18.42,65.46,6.46,76.61,potato
130.19,42.2,40.5,28.99,44.15,7.34,77.69,cotton
24.31,53.51,17.1,25.35,40.22,8.24,56.21,chickpea
108.67,72.6,83.18,18.28,82.92,6.16,187.18,sugarcane
80.6,42.34,67.42,21.16,47.24,6.31,34.14,tomato
47.62,34.39,54.45,36.07,46.01,5.98,120.42,mango
105.73,48.54,61.33,34.4,75.38,6.34,223.02,rice
22.84,43.43,32.19,18.42,57.88,5.99,51.03,chickpea
95.64,29.87,34.83,23.74,72.57,6.92,151.37,jute
91.02,41.65,39.89,8.83,46.06,7.46,44.51,wheat
84.7,45.07,41.88,30.32,78.34,6.61,198.83,jute
129.02,34.32,50.8,24.48,43.23,8.23,105.19,cotton
124.27,55.3,41.2,26.57,50.09,7.25,72.94,maize
69.87,56.61,97.99,21.02,48.59,6.57,72.45,tomato
102.37,34.17,49.87,27.53,48.81,5.83,84.02,cotton
75.01,37.29,56.34,27.57,76.22,6.86,199.77,coffee
114.23,68.79,122.98,14.39,77.78,6.16,45.96,potato
105.36,56.32,105.0,21.55,66.02,5.2,53.41,potato
131.09,36.51,55.84,31.93,63.08,7.06,182.49,sugarcane
106.35,29.2,169.74,21.69,71.4,5.32,144.03,banana
93.98,57.4,107.28,22.28,79.87,6.48,79.39,potato
79.24,54.13,40.48,25.2,48.41,5.98,69.1,maize
50.13,38.14,41.44,28.56,40.35,7.7,69.86,mango
94.09,47.29,44.93,25.34,61.17,6.92,84.58,maize
41.63,54.32,39.29,22.53,62.32,5.94,64.06,chickpea
35.02,52.69,25.78,17.46,53.53,7.63,39.64,chickpea
121.59,57.82,47.15,24.71,67.26,5.96,113.7,maize
140.9,48.62,36.67,29.38,57.63,7.82,67.86,cotton
87.54,20.26,41.41,24.49,65.76,6.61,224.07,coffee
38.72,38.68,47.97,29.89,51.63,6.66,84.53,mango
33.45,56.68,36.39,17.64,32.56,6.55,46.58,chickpea
99.18,37.82,179.81,28.43,88.73,6.33,134.08,banana
27.22,56.53,40.63,24.93,62.0,7.23,51.01,chickpea
98.69,46.55,51.62,25.69,75.38,7.06,255.35,jute
125.64,52.2,40.3,35.25,89.89,6.32,248.75,rice
128.21,37.01,27.08,31.16,37.62,7.94,53.97,cotton
59.23,48.47,30.08,31.05,76.15,7.52,226.98,jute
109.56,47.96,207.28,32.33,74.91,6.93,117.38,banana
33.48,60.56,42.39,24.04,62.55,5.9,41.1,chickpea
110.31,51.01,151.67,28.39,75.0,5.63,117.21,banana
125.89,38.41,89.31,31.72,73.27,7.32,124.03,sugarcane
109.24,55.87,51.74,32.54,92.57,6.09,227.84,rice
131.95,32.27,32.49,36.7,52.45,5.72,74.05,cotton
96.1,23.42,42.78,25.24,67.37,6.75,217.98,coffee
98.11,39.01,50.45,23.84,79.32,6.78,239.3,coffee
77.94,50.89,39.59,27.77,74.66,7.54,164.4,jute
117.82,36.92,39.72,29.0,36.29,7.86,115.79,cotton
64.12,27.1,38.58,14.27,41.32,6.65,68.65,wheat
67.99,35.34,41.23,18.69,50.14,7.02,69.04,wheat
91.07,50.92,59.06,30.48,87.91,6.31,250.92,rice
129.13,38.15,68.08,31.56,72.31,6.84,162.56,sugarcane
139.63,45.77,71.12,22.56,87.35,6.15,108.81,sugarcane
134.28,35.61,31.91,32.14,53.77,5.23,114.9,cotton
122.48,66.22,85.99,14.95,81.67,4.99,49.21,potato
25.56,55.42,18.55,19.13,37.12,6.27,56.88,chickpea
82.02,54.76,56.36,36.62,75.47,6.0,219.06,rice
84.6,37.23,99.95,25.96,67.49,5.95,70.85,tomato
23.97,61.61,26.97,24.01,63.57,7.13,38.64,chickpea
108.91,58.96,55.59,30.35,80.12,7.09,128.18,sugarcane
123.62,32.57,45.44,30.62,51.0,5.14,81.53,cotton
35.46,23.13,60.61,33.27,48.89,7.68,68.9,mango
28.17,49.79,19.17,27.2,32.14,6.77,62.98,chickpea
78.56,55.75,42.76,19.42,55.19,7.55,113.12,maize
106.04,41.45,51.69,28.91,79.12,6.29,276.47,rice
95.54,56.38,105.76,36.65,63.43,7.25,129.84,sugarcane
126.62,34.2,153.68,24.03,87.3,5.91,195.29,banana
129.19,38.13,189.26,26.45,70.33,5.48,147.37,banana
111.89,48.48,87.97,28.46,59.38,7.48,151.64,sugarcane
34.84,57.31,25.83,29.02,26.69,6.05,51.54,chickpea
23.05,42.78,26.92,24.41,52.34,8.24,33.96,chickpea
96.51,28.54,152.71,31.52,88.53,6.8,184.91,banana
104.85,57.17,62.22,25.69,77.83,6.74,134.35,sugarcane
105.4,49.01,42.07,19.97,46.19,7.1,92.58,wheat
92.04,52.36,37.59,36.44,79.54,6.8,143.63,rice
101.12,44.8,39.77,19.21,46.19,8.23,73.03,cotton
119.12,52.68,47.73,25.05,78.07,6.55,296.66,rice
100.75,52.77,43.69,33.54,67.83,6.61,172.47,jute
93.76,51.97,46.36,27.02,54.7,6.1,112.67,maize
124.67,71.02,97.57,33.6,63.58,6.07,174.71,sugarcane
107.88,50.21,171.94,29.7,88.51,5.82,120.48,banana
122.21,41.34,186.22,28.99,86.47,5.68,119.35,banana
82.58,62.69,45.5,17.51,53.47,5.35,112.62,maize
50.58,40.29,62.98,27.49,55.81,6.6,108.11,mango
55.11,46.65,32.91,34.25,90.52,6.1,227.15,jute
94.05,35.76,42.77,20.59,58.57,5.82,56.81,wheat
115.43,46.39,35.13,30.97,44.75,6.18,108.43,cotton
102.14,38.51,76.02,16.51,67.44,6.05,82.1,tomato
106.87,45.69,43.35,35.55,91.02,6.92,318.25,rice
52.91,36.24,54.53,31.98,52.88,6.55,83.04,mango
102.82,45.81,32.08,35.21,36.52,6.82,73.31,cotton
55.21,37.71,32.31,36.6,91.17,7.34,173.46,jute
103.57,52.29,105.42,22.79,60.59,5.63,77.26,potato
86.18,46.67,38.87,19.91,59.14,7.78,128.71,maize
37.97,38.69,54.04,27.37,60.77,6.5,82.11,mango
135.17,40.34,152.41,23.86,80.56,6.7,156.77,banana
65.28,23.85,43.94,23.94,66.52,6.57,214.33,coffee
109.6,45.83,61.83,22.5,69.57,6.74,299.3,rice
87.71,39.84,40.74,36.0,90.68,5.99,182.94,jute
91.6,39.43,58.19,20.09,82.82,6.85,190.92,coffee
106.63,70.82,58.43,24.08,73.42,6.47,152.29,sugarcane
114.3,49.91,50.95,36.58,92.05,6.94,164.08,rice
17.37,57.28,40.39,27.23,62.88,8.05,44.95,chickpea
117.37,65.68,91.62,31.68,79.5,7.51,162.4,sugarcane
107.97,44.99,39.5,22.92,55.25,8.01,104.01,cotton
118.77,40.23,45.67,23.69,68.83,5.19,65.23,cotton
76.3,47.43,45.42,36.25,82.0,6.85,160.72,rice
105.63,35.88,31.23,17.87,50.86,6.12,82.35,wheat
19.75,42.14,24.35,21.44,54.7,6.19,69.92,chickpea
94.12,35.29,40.44,31.02,76.56,6.98,191.44,jute
36.99,44.63,37.55,17.52,26.26,6.12,25.74,chickpea
102.57,52.46,91.87,19.24,67.92,5.03,35.03,potato
89.91,52.06,41.6,34.45,86.72,6.68,211.76,rice
80.52,45.84,31.12,33.73,82.16,6.07,247.87,jute
101.99,37.81,55.8,25.82,54.04,6.05,123.98,maize
138.57,32.66,29.77,36.61,69.2,6.11,96.39,cotton
83.21,31.67,38.46,19.75,76.64,6.31,207.87,coffee
57.97,41.07,45.19,20.08,59.63,6.48,169.53,coffee
59.69,50.24,90.17,17.35,55.96,6.63,42.17,tomato
133.47,59.94,97.64,32.18,83.57,6.99,143.43,sugarcane
133.11,45.15,37.0,24.8,63.46,7.45,114.29,cotton
65.71,47.62,49.04,27.15,59.7,7.51,62.93,wheat
58.62,33.1,45.17,20.42,62.03,6.71,260.36,coffee
39.77,33.44,56.43,36.03,47.98,6.89,102.03,mango
100.01,45.41,34.6,25.56,80.33,6.5,177.83,jute
88.03,22.16,44.2,23.3,76.29,6.63,248.03,coffee
35.31,26.56,60.2,25.77,45.31,5.78,116.96,mango
21.49,59.6,42.24,20.8,38.25,5.82,26.43,chickpea
78.9,41.96,53.61,27.34,57.95,5.43,84.8,maize
94.84,53.34,88.35,35.06,75.55,7.38,113.95,sugarcane
58.55,52.58,33.36,29.66,84.35,6.0,231.12,jute
96.11,39.89,44.02,28.66,44.78,7.82,115.56,cotton
72.89,27.07,33.52,35.96,74.16,7.24,201.1,jute
116.69,65.07,112.94,16.75,73.69,4.85,45.3,potato
23.76,58.84,32.62,23.23,37.04,6.38,67.82,chickpea
90.84,51.23,94.96,20.65,69.33,5.99,66.97,tomato
58.89,20.91,52.34,17.78,66.64,6.53,236.47,coffee
105.25,59.75,80.54,17.4,52.84,6.69,39.78,tomato
87.78,43.8,48.24,24.71,74.83,5.87,180.45,jute
90.34,60.53,98.98,22.03,75.99,6.2,45.6,potato
77.63,35.33,44.39,29.29,68.93,6.45,148.26,jute
50.82,18.99,49.5,23.73,43.46,5.96,133.71,mango
108.5,39.91,58.65,21.19,78.01,6.35,225.15,rice
53.43,38.67,57.5,30.87,40.64,6.85,150.24,mango
150.5,67.41,77.73,23.2,67.39,6.02,178.83,sugarcane
56.08,38.25,48.44,36.63,76.63,5.81,199.08,jute
121.43,42.88,62.15,19.62,77.06,6.97,169.52,sugarcane
136.73,48.55,174.9,24.8,74.84,5.91,120.34,banana
97.46,46.58,160.84,33.22,71.76,5.97,153.74,banana
95.86,61.94,56.55,28.3,74.4,7.02,173.34,rice
75.22,52.25,43.99,23.73,79.46,5.87,186.36,jute
94.27,43.4,49.94,20.2,50.58,7.16,71.58,wheat
96.51,37.93,61.95,19.76,68.07,5.75,140.28,rice
76.67,61.51,82.22,22.36,55.12,5.96,45.67,tomato
94.09,61.35,95.94,24.97,54.4,6.22,83.26,tomato
44.95,21.27,57.54,33.9,58.9,5.33,105.47,mango
103.11,44.95,60.59,17.64,65.51,7.09,122.4,maize
124.26,32.23,46.77,28.34,60.98,6.29,81.04,cotton
52.35,17.09,50.28,27.74,57.6,5.3,68.49,mango
71.91,30.79,54.93,18.83,72.64,6.83,159.05,coffee
109.32,38.41,61.85,33.75,66.22,6.41,68.16,maize
42.44,62.72,22.47,23.45,28.5,7.2,30.48,chickpea
34.33,17.66,37.04,27.29,46.4,7.67,68.12,mango
77.15,40.23,56.18,19.35,74.09,6.02,160.23,coffee
65.72,38.06,50.09,32.64,83.93,6.32,151.2,jute
105.24,54.96,39.5,19.33,48.99,6.77,127.95,maize
78.14,57.54,119.04,21.88,59.14,5.09,58.0,potato
74.09,25.89,47.1,16.64,80.04,6.9,247.12,coffee
137.31,57.41,71.74,28.88,85.23,7.05,163.32,sugarcane
68.37,50.21,45.5,28.13,86.81,6.44,202.83,jute
122.18,44.15,52.45,32.45,40.11,6.67,90.77,cotton
103.2,47.16,29.77,29.78,67.91,6.92,256.31,jute
52.11,17.12,42.35,26.04,55.26,6.52,136.63,mango
65.28,29.47,27.01,16.17,57.0,7.21,44.59,wheat
54.95,39.08,45.35,26.27,43.96,5.33,91.15,mango
74.61,61.96,65.48,17.87,60.64,6.82,50.19,tomato
65.62,22.59,53.0,18.11,69.21,6.15,246.01,coffee
93.19,48.83,188.21,27.79,73.14,5.57,186.69,banana
102.8,47.65,178.71,26.7,74.16,7.19,198.88,banana
117.88,43.53,47.55,23.3,69.21,6.04,102.93,cotton
96.86,44.62,42.97,35.67,69.31,7.63,148.1,jute
117.58,43.86,152.4,28.84,73.57,6.47,116.53,banana
106.24,57.46,38.49,31.38,69.38,6.09,102.4,maize
139.63,47.43,204.53,22.42,90.12,6.77,196.25,banana
57.72,36.89,47.0,31.53,59.29,5.59,101.59,mango
125.57,50.82,54.16,23.65,91.64,5.99,271.51,rice
91.51,46.84,102.94,26.77,47.72,6.73,74.19,tomato
134.6,40.23,146.01,32.68,77.7,6.15,164.28,banana
116.89,68.05,118.41,17.47,70.73,6.28,41.4,potato
100.46,50.03,35.79,25.99,90.31,6.06,142.71,jute
118.28,35.4,34.46,21.38,56.92,6.58,85.79,cotton
49.13,23.66,43.99,27.21,56.4,7.64,97.91,mango
113.29,43.69,58.5,35.84,82.53,6.58,137.75,rice
32.39,52.37,26.49,22.59,37.95,5.7,64.16,chickpea
95.59,39.09,51.86,23.98,72.91,8.01,70.9,cotton
64.66,40.39,51.91,19.22,82.46,6.45,156.51,coffee
116.45,36.59,191.29,27.13,72.23,6.93,149.22,banana
96.31,48.21,37.93,28.17,92.83,7.14,135.38,rice
54.84,38.77,48.91,14.07,49.47,7.68,73.37,wheat
101.39,50.4,50.0,36.22,52.19,7.67,106.33,cotton
125.91,49.8,38.59,26.74,50.09,5.84,76.64,maize
85.03,49.21,56.07,34.88,76.86,6.28,272.13,rice
60.6,47.69,41.19,18.35,60.37,7.67,88.31,wheat
150.3,72.21,65.41,19.7,81.77,7.71,197.27,sugarcane
95.61,41.4,92.77,23.74,51.55,6.63,71.12,tomato
32.38,25.51,57.82,34.79,50.51,6.45,136.95,mango
48.11,26.14,57.39,24.81,42.63,5.3,123.12,mango
42.59,39.23,48.52,23.53,62.8,7.4,128.1,mango
85.57,51.22,47.26,33.01,75.59,5.99,250.95,jute
30.87,42.9,28.68,29.69,44.56,5.72,35.79,chickpea
63.66,25.32,54.45,32.04,50.36,5.79,77.54,mango
44.35,34.54,46.54,34.42,50.86,6.42,147.47,mango
102.92,61.47,80.05,28.26,83.14,6.43,171.72,sugarcane
58.01,61.82,70.39,21.11,52.79,5.97,75.08,tomato
99.83,34.5,40.87,28.45,68.67,8.36,59.47,cotton
114.88,40.33,48.71,24.98,91.1,6.53,287.94,rice
68.19,31.79,40.77,26.89,69.77,6.47,244.3,coffee
99.67,45.07,37.24,37.09,44.28,6.04,81.24,cotton
39.82,19.3,56.49,22.65,42.8,5.34,151.32,mango
103.15,56.37,76.31,14.95,60.62,5.49,71.98,potato
54.16,44.95,45.39,36.59,71.71,7.22,258.24,jute
90.3,58.67,94.88,29.2,63.56,6.21,59.89,tomato
118.18,48.55,197.38,20.94,68.81,6.58,170.0,banana
40.06,38.52,38.78,24.51,39.54,6.37,29.52,chickpea
82.56,49.9,49.6,22.56,73.89,6.43,204.53,jute
45.35,38.2,61.49,32.67,39.75,6.89,75.49,mango
96.32,52.96,196.99,23.38,85.87,5.28,177.52,banana
94.05,39.32,28.01,23.87,74.3,8.11,66.48,cotton
145.88,50.82,42.22,36.5,69.35,6.16,101.22,cotton
95.26,51.62,88.57,15.15,62.52,6.3,68.24,potato
70.37,36.23,38.76,15.87,41.94,7.53,58.96,wheat
128.64,49.51,30.68,25.56,37.4,5.22,116.83,cotton
81.19,50.94,54.78,22.99,63.22,6.57,51.27,tomato
92.61,49.26,89.37,22.81,64.14,6.58,70.89,tomato
106.67,33.13,27.24,25.64,47.91,5.23,92.88,cotton
89.5,49.03,75.65,24.4,75.64,5.99,67.11,potato
28.52,39.56,57.28,25.99,57.36,6.3,139.36,mango
150.02,65.64,81.37,36.28,70.04,7.31,106.83,sugarcane
85.85,64.57,76.59,22.05,63.2,5.66,56.4,potato
56.53,52.8,89.8,26.01,52.83,6.78,69.89,tomato
88.27,52.93,80.96,23.0,50.98,6.4,37.12,tomato
94.21,52.16,42.2,35.28,83.69,6.13,238.91,jute
93.9,58.71,74.68,17.37,59.58,6.33,44.24,tomato
97.28,38.96,53.41,23.5,80.76,6.71,249.72,coffee
88.82,41.71,83.19,29.25,61.31,6.55,69.23,tomato
28.48,27.53,52.83,30.79,41.72,6.72,97.84,mango
90.72,65.7,124.24,17.84,82.98,6.02,81.16,potato
57.75,34.18,37.83,30.68,81.19,6.88,251.51,jute
68.69,32.54,41.27,24.0,74.25,6.1,176.61,jute
45.78,29.23,52.94,35.01,44.84,6.47,64.11,mango
20.67,44.18,34.05,21.15,55.53,8.03,62.21,chickpea
106.85,44.22,31.06,22.43,69.79,5.61,53.72,cotton
85.19,42.91,54.91,24.55,69.48,5.95,54.67,tomato
148.42,47.3,207.13,24.58,91.57,5.95,197.96,banana
61.49,31.5,46.31,35.34,47.1,6.52,75.11,mango
32.42,47.23,30.11,14.84,32.04,6.74,66.38,chickpea
32.47,54.11,38.72,16.53,59.73,6.9,29.14,chickpea
78.42,58.74,61.26,20.02,60.65,7.61,125.9,maize
36.77,20.97,45.06,33.21,59.36,5.5,124.37,mango
55.47,30.59,42.49,33.76,91.66,6.12,170.82,jute
31.16,21.02,48.81,34.91,48.67,6.94,100.46,mango
124.99,41.65,159.77,29.31,69.0,5.68,200.88,banana
111.32,57.99,62.97,23.53,77.61,5.54,239.6,rice
27.97,55.53,36.9,14.65,58.73,7.58,40.19,chickpea
83.65,41.96,52.82,19.14,69.92,5.75,58.11,maize
92.86,65.89,105.83,28.06,68.87,6.54,97.49,sugarcane
61.45,42.02,89.53,28.64,61.98,6.47,67.63,tomato
112.2,39.14,157.33,33.4,71.25,6.93,166.11,banana
25.33,53.35,40.74,19.1,59.04,8.09,25.71,chickpea
61.99,28.65,32.07,18.84,60.72,6.82,83.19,wheat
72.75,47.35,32.36,11.39,49.92,5.84,57.14,wheat
96.81,40.04,86.05,29.59,87.86,6.51,93.46,sugarcane
61.03,30.04,29.69,20.19,46.14,6.2,87.47,wheat
64.36,52.88,45.7,25.47,69.37,6.16,167.21,jute
20.4,59.98,35.32,24.75,40.1,6.59,25.01,chickpea
76.91,38.41,74.62,28.2,67.93,6.84,41.95,tomato
118.08,50.28,75.76,20.27,70.03,6.53,89.49,sugarcane
85.68,55.59,83.17,18.85,69.02,6.74,52.18,tomato
125.69,43.46,170.67,26.05,87.32,5.86,185.96,banana
93.33,34.42,58.2,25.7,63.61,6.36,220.89,coffee
96.33,47.34,75.91,21.26,69.92,5.91,99.72,sugarcane
25.66,25.11,56.85,28.32,49.19,6.39,83.46,mango
121.78,56.64,52.85,19.03,61.13,7.19,91.63,maize
103.08,51.22,40.79,22.14,60.69,5.75,56.63,cotton
122.94,29.8,189.35,33.0,87.25,6.49,184.41,banana
77.14,28.64,52.19,13.81,41.92,6.33,105.18,wheat
86.27,39.93,41.78,26.83,79.49,6.9,240.11,coffee
72.69,35.5,47.58,18.37,72.88,6.42,262.64,coffee
54.6,34.33,33.42,33.28,81.81,6.12,208.86,jute
50.03,23.48,52.79,28.1,47.98,7.75,90.91,mango
91.93,47.77,44.28,24.25,62.82,6.59,95.4,wheat
109.57,52.29,46.49,28.59,62.45,5.74,94.92,maize
63.63,19.8,57.69,22.52,49.65,5.6,122.14,mango
81.54,45.37,41.96,9.57,58.95,6.12,92.21,wheat
71.46,43.97,90.29,26.37,58.86,6.38,40.87,tomato
23.72,47.9,31.4,13.8,55.52,6.54,37.61,chickpea
98.83,46.98,64.38,22.58,53.64,6.13,63.81,tomato
97.46,18.52,57.59,25.87,80.26,6.82,236.08,coffee
41.42,41.07,20.31,20.03,30.4,8.25,44.06,chickpea
106.88,50.13,108.03,18.54,75.67,4.88,68.58,potato
76.83,53.02,38.1,34.99,85.45,5.61,145.39,rice
56.33,37.12,40.83,25.58,66.66,6.62,162.8,coffee
26.53,39.17,38.52,28.93,51.47,8.21,67.25,chickpea
119.71,45.75,54.66,29.67,55.53,7.34,104.97,maize
92.72,38.77,51.1,15.44,51.7,5.98,57.18,wheat
61.48,40.02,47.4,30.99,71.4,6.98,233.49,jute
96.2,49.59,42.14,24.33,38.21,7.48,101.17,cotton
105.61,51.51,36.09,26.07,87.94,6.6,260.81,jute
125.55,36.6,27.03,36.41,56.94,7.07,91.49,cotton
27.17,38.18,25.67,29.3,45.29,7.84,30.63,chickpea
142.76,48.23,101.76,32.05,82.4,7.18,131.6,sugarcane
61.81,48.6,28.35,17.06,60.04,7.07,87.04,wheat
34.66,50.82,37.97,28.2,40.43,7.49,35.21,chickpea
98.43,66.47,124.07,18.1,66.12,5.97,50.78,potato
78.19,55.9,59.47,18.51,54.5,5.71,53.09,maize
119.45,70.75,97.64,18.87,76.27,7.28,156.56,sugarcane
83.71,33.21,40.49,29.71,88.41,6.62,191.69,jute
129.21,56.48,63.01,29.4,74.69,7.28,132.0,sugarcane
146.28,30.52,201.66,25.17,78.06,7.02,221.52,banana
58.9,49.55,45.4,23.94,62.37,7.42,103.82,wheat
109.68,53.97,62.79,37.24,80.43,5.46,269.43,rice
75.78,45.25,92.43,19.3,53.66,6.85,38.24,tomato
110.85,48.19,46.47,31.06,71.4,6.45,77.83,cotton
73.03,38.36,62.89,24.52,67.15,6.67,64.35,tomato
34.23,61.82,21.88,23.51,57.83,7.02,41.23,chickpea
36.86,55.94,32.62,22.49,54.15,8.3,51.07,chickpea
96.44,38.35,88.96,18.54,58.25,6.77,38.91,tomato
103.45,40.32,163.52,25.61,75.2,5.28,194.48,banana
54.15,44.55,30.08,28.9,89.02,5.91,263.65,jute
74.93,39.84,58.57,33.29,73.05,6.31,245.67,rice
127.59,51.72,48.25,35.79,58.94,6.29,81.29,cotton
82.33,51.68,72.69,27.27,53.86,6.39,63.13,tomato
89.52,56.8,125.65,15.71,59.0,5.93,34.08,potato
97.75,19.31,56.49,21.21,71.72,6.81,213.65,coffee
123.6,58.5,101.24,20.64,64.15,6.09,77.91,potato
59.21,25.82,46.68,27.98,67.8,6.5,248.72,coffee
80.27,42.15,37.27,23.09,60.74,6.26,90.37,wheat
60.49,27.36,55.19,20.91,74.93,6.72,249.09,coffee
104.66,47.96,29.75,30.08,64.6,7.57,64.85,cotton
91.45,59.13,92.75,15.02,62.39,4.82,38.55,potato
72.29,31.06,42.43,36.03,77.83,7.72,157.93,jute
77.42,38.81,38.24,22.61,77.46,6.58,245.87,coffee
134.22,49.11,46.07,29.05,63.74,7.34,67.73,cotton
78.43,52.73,99.67,27.51,66.87,6.3,41.4,tomato
107.71,61.29,119.49,13.84,77.12,4.82,52.28,potato
105.13,27.29,159.19,26.15,72.93,6.28,190.53,banana
99.85,43.85,45.91,27.71,59.94,5.44,56.7,maize
114.91,45.6,59.85,25.02,81.69,5.8,158.81,rice
113.55,34.32,169.49,32.13,70.52,5.91,130.0,banana
128.79,36.08,98.78,29.84,80.45,6.74,165.39,sugarcane
64.13,23.05,53.09,17.51,57.89,5.95,151.02,coffee
17.23,62.51,40.47,13.52,26.21,6.65,36.51,chickpea
78.45,45.09,37.32,23.8,65.4,7.28,98.14,maize
106.27,47.81,50.8,26.29,51.3,7.44,93.25,cotton
90.09,39.32,34.99,27.58,82.89,6.27,154.75,jute
101.07,48.41,37.56,33.86,90.3,5.55,235.54,rice
104.69,40.81,56.45,22.36,47.34,5.93,76.79,maize
26.08,43.49,36.31,29.09,43.41,5.72,56.06,chickpea
96.51,48.89,52.44,36.54,68.97,7.06,170.5,jute
115.43,72.24,100.07,28.63,71.7,6.65,92.64,sugarcane
88.53,61.8,86.49,24.72,79.36,5.34,66.87,potato
60.17,46.71,102.57,28.84,66.96,6.09,44.11,tomato
103.83,33.19,47.26,20.47,42.94,6.61,112.96,cotton
54.24,29.72,45.85,24.73,44.54,7.19,103.67,mango
113.77,59.79,60.44,36.95,92.54,7.13,141.51,rice
76.96,17.34,49.66,27.06,68.18,6.67,226.72,coffee
91.75,57.17,83.41,19.82,60.57,5.9,69.45,tomato
105.74,29.05,37.0,11.27,46.16,6.34,53.84,wheat
97.76,64.91,105.04,24.05,58.74,5.46,96.56,potato
77.73,49.4,45.81,20.05,51.91,7.18,125.22,maize
85.22,42.42,49.06,17.01,78.31,6.11,157.91,coffee
42.36,26.31,58.21,33.18,47.37,6.09,67.54,mango
28.72,57.06,26.56,23.74,45.46,8.28,32.66,chickpea
42.6,40.67,27.68,27.81,60.62,8.25,65.01,chickpea
75.73,68.71,118.56,24.38,69.43,6.31,45.18,potato
156.13,70.34,60.91,34.88,83.51,7.47,104.72,sugarcane
